name,registered_name,branch_number,branch_code,rams_practice_no,phone,email,full_address,town,city,province,postal_code,latitude,longitude,franchise,ecommerce,offline,hours_monday,hours_tuesday,hours_wednesday,hours_thursday,hours_friday,hours_saturday,hours_sunday,hours_public_holidays
The Local Choice Pharmacy Mid-Chem,The Local Choice Pharmacy Mid-Chem,100113,100113,0000000,0000000000,midchem@thelocalchoice.co.za,South Africa,,,,,-30.559482,22.937506,True,False,True,,,,,,,,
The Local Choice Pharmacy Colletts,M and S Cronje (PTY) LTD,400392,316624,0776092,0436831212,colletts@thelocalchoice.co.za,"32 Hill St, Stutterheim, 4930, South Africa",Stutterheim,Amathole District Municipality,Eastern Cape,4930,-32.5697854,27.4275458,True,false,True,07:30-17:30,07:30-17:30,07:30-17:30,07:30-17:30,07:30-17:30,08:00-13:00,Closed,10:00-13:00
The Local Choice Pharmacy Crossways,Palegon Trading CC,411475,100047,1023691,043 555 0936,crossways@thelocalchoice.co.za,"Crossways Pharmacy, Schafli Road, East London, South Africa",,East London,Eastern Cape,5259,-32.905942,28.020399,True,false,True,08:30-17:30,08:30-17:30,08:30-17:30,08:30-17:30,08:30-17:30,08:30-17:30,08:30-17:30,08:30-17:30
The Local Choice Pharmacy Govan Mbeki Street,Healthyu Pharmacy Pty Ltd,400830,100049,1252259,082 823 4150,govanmbeki@thelocalchoice.co.za,"471 Govan Mbeki Street, North End, Gqeberha, South Africa",North End,Gqeberha,Eastern Cape,6001,-33.949707,25.6079886,True,false,False,07:00-19:00,07:00-19:00,07:00-19:00,07:00-19:00,07:00-19:00,07:00-19:00,07:00-19:00,07:00-19:00
The Local Choice Pharmacy Sandton Square,Sandton Square Pharmacy,400636,849927,1208772,0415171818,sandtonsquare@thelocalchoice.co.za,"The Local Choice Pharmacy Sandton Square, Cnr Walker Dr & Sandton Rd, Walker Drive, Ben Kamma, Gqeberha, South Africa",Ben Kamma,Gqeberha,Eastern Cape,6025,-33.959889,25.487658,True,false,True,08:00-19:00,08:00-19:00,08:00-19:00,08:00-19:00,08:00-19:00,08:30-14:00,09:00-14:00,
The Local Choice Pharmacy Walker Drive,Carmari (Pty) Ltd,400940,100069,1281399,041 517 0065,walkerdrive@thelocalchoice.co.za,"Walker Drive Shopping Centre, Kabega Road, Kamma Ridge, Gqeberha, South Africa",Kamma Ridge,Gqeberha,Eastern Cape,6025,-33.9579041,25.5043297,True,false,True,08:30-21:00,08:30-21:00,08:30-21:00,08:30-21:00,08:30-21:00,08:30-21:00,08:30-21:00,
The Local Choice Pharmacy Kenton,S Dunbar & S Willard CC,411908,100007,6027547,0466481229,kenton@thelocalchoice.co.za,"The Local Choice Pharmacy Kenton, Kenton Road, Kenton-on-Sea, South Africa",,Kenton-on-Sea,Eastern Cape,6191,-33.6818122,26.6746552,False,false,True,08:00-17:00,08:00-17:00,08:00-17:00,08:00-17:00,08:00-17:00,08:00-13:00,06:00-06:00,09:00-12:00
The Local Choice Pharmacy Magers,Mager Pharmacy,410584,100054,6006264,045 839 4112,mager@thelocalchoice.co.za,"73 Cathcart Street, Queenstown, 5320, South Africa",Queenstown,Komani,Eastern Cape,5320,-31.8953855,26.8693144,True,false,True,07:30-17:30,07:30-17:30,07:30-17:30,07:30-17:30,07:30-17:30,08:00-13:00,10:45-12:45,10:45-12:45
The Local Choice Pharmacy Medipark,Medipark Pharmacy ,400860,100055,6046312,045 839 3188,medipark@thelocalchoice.co.za,"43 Grey Street, Queenstown, 5320, South Africa",,Komani,Eastern Cape,5320,-31.8957434,26.8788925,True,false,True,,,,,,,,
The Local Choice Pharmacy Bergview,Bergview Pharmacy,400621,867526,0439045,0397373124,bergview@thelocalchoice.co.za,"The Local Choice Pharmacy Bergview, Main Street, Matatiele, South Africa",,Matatiele,Eastern Cape,4730,-30.342999,28.805329,True,false,False,08:00-17:30,08:00-17:30,08:00-17:30,08:00-17:30,08:00-17:30,08:00-13:00,08:00-13:00,
The Local Choice Pharmacy Protea,Wehrner Buys (NO 2),410604,465312,0377880,0414512694,proteape@thelocalchoice.co.za,"Shop 14, Commercial Centre, Commercial Rd, Sidwell, Gqeberha, 6001, South Africa",Gqeberha,Nelson Mandela Bay Metropolitan Municipality,Eastern Cape,6001,-33.920383,25.591878,True,false,False,08:30-18:00,08:30-18:00,08:30-18:00,08:30-18:00,08:30-18:00,08:30-13:00,09:00-13:00,
The Local Choice Pharmacy Seaview,Malcom.D.Glass CC,410915,943921,0336238,0413782181,seaview@thelocalchoice.co.za,"50 Seaview Rd, Seaview, Gqeberha, 6070, South Africa",Gqeberha,Nelson Mandela Bay Metropolitan Municipality,Eastern Cape,6070,-34.0112386,25.3532482,True,false,False,08:00-19:00,08:00-19:00,08:00-19:00,08:00-19:00,08:00-19:00,08:00-18:00,08:00-17:00,08:00-19:00
The Local Choice Pharmacy @ Dans,N2 Health Centre (PTY) LTD,400440,968642,1043838,0475327923,dans@thelocalchoice.co.za,"N2, Lurasini, 5116, South Africa",Lurasini,OR Tambo District Municipality,Eastern Cape,5116,-31.429978,28.860632,True,false,True,08:30-19:00,08:30-19:00,08:30-19:00,08:30-19:00,08:30-19:00,08:30-17:00,09:00-13:00,
The Local Choice Pharmacy Leach,Lou Coetzee (Pty) Ltd,411906,100008,6034799,0466241648,leach@thelocalchoice.co.za,"The Local Choice Pharmacy Leach, Masonic Street, Port Alfred, South Africa",,Port Alfred,Eastern Cape,6170,-33.5937174,26.8846356,False,false,True,08:00-18:00,08:00-18:00,08:00-18:00,08:00-18:00,08:00-18:00,08:00-14:00,09:00-13:00,09:00-13:00
The Local Choice Pharmacy Baymed,Sineg (Pty) Ltd,410420,165869,0335541,0422932885,baymed@thelocalchoice.co.za,"12 Woltemade St, Jeffreys Bay, 6330, South Africa",Jeffreys Bay,Sarah Baartman District Municipality,Eastern Cape,6330,-34.0551624,24.9212555,True,false,True,08:00-17:00,08:00-17:00,08:00-17:00,08:00-17:00,08:00-17:00,08:30-13:00,Closed,Closed
The Local Choice Pharmacy Fauna,Merito Pharmacies CC,400686,100024,1208942,0518800699,fauna@thelocalchoice.co.za,"shop 8, 168 Springbok Road, Fauna, Bloemfontein, South Africa",Fauna,Bloemfontein,Free State,9301,-29.1651787,26.1891769,True,false,True,08:00-18:00,08:00-18:00,08:00-18:00,08:00-18:00,08:00-18:00,08:00-14:00,09:30-12:30,09:30-12:30
The Local Choice Pharmacy Monument Showgate,Frank Scholtz,410240,100051,6040055,051 447 3309,monumentshowgate@thelocalchoice.co.za,"Monument Showgate Pharmacy, Curie Avenue, Generaal De Wet, Bloemfontein, South Africa",Generaal De Wet,Bloemfontein,Free State,9301,-29.13743,26.2039175,True,false,True,,,,,,,,
The Local Choice Pharmacy Pellissier,Marble Gold 214 (PTY) LTD,410299,388425,0203297,0767005463,pellissier@thelocalchoice.co.za,"The Local Choice Pharmacy Pellissier, Volkspele Drive, Pellissier, Bloemfontein, South Africa",Pellissier,Bloemfontein,Free State,9322,-29.1476635,26.166077,False,false,True,08:30-18:00,08:30-18:00,08:30-18:00,08:30-18:00,08:30-18:00,08:00-13:00,10:00-13:00,
The Local Choice Pharmacy Bothaville,Bothaville Apteek,400675,100009,0175730,0565152391,bothaville@thelocalchoice.co.za,"The Local Choice Pharmacy Bothaville, President Street, Bothaville, South Africa",,Bothaville,Free State,9660,-27.3926325,26.6162147,True,false,True,08:00-17:30,08:00-17:30,08:00-17:30,08:00-17:30,08:00-17:30,08:00-13:00,11:00-12:00,
The Local Choice Pharmacy Jurg van der Westhuizen,Jurg van der Westhuizen BK,400074,775655,0408352,0588133091,jurgvanderwesthuizen@thelocalchoice.co.za,"52 JJ Hadebe St, Frankfort, 9830, South Africa",Frankfort,Fezile Dabi District Municipality,Free State,9830,-27.2751019,28.4937545,True,false,False,08:00-17:00,08:00-17:00,08:00-17:00,08:00-17:00,08:00-17:00,08:00-13:00,10:30-12:00,
The Local Choice Pharmacy Leibbrandt,Leibbrandt Apteek,410143,453349,1134884,0169761936,leibbrandt@thelocalchoice.co.za,"Village Mall Fichardt Square, Sasolburg, 1947, South Africa",Sasolburg,Fezile Dabi District Municipality,Free State,1947,-26.8153865,27.8280352,True,false,False,08:30-20:00,08:30-20:00,08:30-20:00,08:30-20:00,08:30-20:00,18:00-20:00,18:00-20:00,
The Local Choice Pharmacy Medpark,Medpark Pharmacy,400405,183283,1135570,0169761933,medpark@thelocalchoice.co.za,"18 N J Van Der Merwe Cres, Sasolburg, 1947, South Africa",Sasolburg,Fezile Dabi District Municipality,Free State,1947,-26.81157,27.82679,True,false,False,08:30-17:00,08:30-17:00,08:30-17:00,08:30-17:00,08:30-17:00,06:00-06:00,06:00-06:00,
The Local Choice Pharmacy Platteland,Platteland Apteek (PTY) LTD,410593,553966,0917397,0875270723,platteland@thelocalchoice.co.za,"57 Wentworth St, Heilbron, 9650, South Africa",Heilbron,Fezile Dabi District Municipality,Free State,9650,-27.2797855,27.969869,True,false,False,07:30-17:00,07:30-17:00,07:30-17:00,07:30-17:00,07:30-17:00,08:00-13:00,Closed,
The Local Choice Pharmacy Villiers,Villiers Apteek (PTY) LTD,400468,457884,1232924,0588210771,villiers@thelocalchoice.co.za,"25 Main St, Villiers, 9480, South Africa",Villiers,Fezile Dabi District Municipality,Free State,9480,-27.0289446,28.5983608,True,false,False,08:30-17:00,08:30-17:00,08:30-17:00,08:30-17:00,08:30-17:00,08:00-17:00,08:00-17:00,
The Local Choice Pharmacy Central Park,Nico Tromp Badenhorst CC,400240,847914,094617,0514309143,centralpark@thelocalchoice.co.za,"Shop 135 Central Park Shopping Centre, Fichardt St, Bloemfontein Central, Bloemfontein, 9301, South Africa",Bloemfontein,Mangaung Metropolitan Municipality,Free State,9301,-29.1196435,26.2239542,True,false,False,08:30-17:30,08:30-17:30,08:30-17:30,08:30-17:30,08:30-17:30,08:00-13:00,Closed,
The Local Choice Pharmacy Gardenia,Gardenia Pharmacy Operations(PTY) LTD,400362,112517,0924199,0510114398,gardenia@thelocalchoice.co.za,"1 Jasmyn Ave, Gardenia Park, Bloemfontein, 9301, South Africa",Bloemfontein,Mangaung Metropolitan Municipality,Free State,9301,-29.131256,26.1779128,True,false,True,08:00-18:00,08:00-18:00,08:00-18:00,08:00-18:00,08:00-18:00,08:00-13:30,10:00-12:30,
The Local Choice Pharmacy Medirex,Badenhorst CC,400239,181347,0316970,0514477330,medirex@thelocalchoice.co.za,"57 Charlotte Maxeke St, Bloemfontein Central, Bloemfontein, 9301, South Africa",Bloemfontein,Mangaung Metropolitan Municipality,Free State,9301,-29.1171887,26.2183488,True,false,False,08:00-21:00,08:00-21:00,08:00-21:00,08:00-21:00,08:00-21:00,09:00-21:00,17:00-21:00,
The Local Choice Pharmacy Meditas,Pharmacyweb Holdings (PTY) LTD,410920,162221,0989584,0518800030,meditas@thelocalchoice.co.za,"Unit 5, Meditas Centre, Mudd Square, Universitas, Bloemfontein, 9321, South Africa",Bloemfontein,Mangaung Metropolitan Municipality,Free State,9321,-29.120434,26.190301,True,false,False,08:00-18:00,08:00-18:00,08:00-18:00,08:00-18:00,08:00-18:00,08:00-14:00,06:00-06:00,
The Local Choice Pharmacy The Towers,Tehila Pharma Pty Ltd,412360,761574,0649333,0510111597,thetowers@thelocalchoice.co.za,"Shop 25, The Towers, Koppie Rd, Langenhoven Park, Bloemfontein, 9301, South Africa",Bloemfontein,Mangaung Metropolitan Municipality,Free State,9301,-29.096854,26.1452527,True,false,True,08:00-18:00,08:00-18:00,08:00-18:00,08:00-18:00,08:00-18:00,08:00-14:00,10:00-12:00,10:00-12:00
The Local Choice Pharmacy Universitas,Marble Gold 229 (Pty) Ltd,400235,729119,203300,0515224011,universitas@thelocalchoice.co.za,"173 President Paul Kruger Ave, Universitas, Bloemfontein, 9301, South Africa",Bloemfontein,Mangaung Metropolitan Municipality,Free State,9301,-29.1205,26.17513,True,false,False,08:00-19:00,08:00-19:00,08:00-19:00,08:00-19:00,08:00-19:00,08:00-14:00,09:00-13:00,09:00-13:00
The Local Choice Pharmacy Vrystaat,NT Badenhorst CC,400238,299456,0139602,0514472483,vrystaat@thelocalchoice.co.za,"25 Charlotte Maxeke St, Bloemfontein Central, Bloemfontein, 9301, South Africa",Bloemfontein,Mangaung Metropolitan Municipality,Free State,9301,-29.1181435,26.2233771,True,false,False,08:00-18:00,08:00-18:00,08:00-18:00,08:00-18:00,08:00-18:00,08:00-14:00,Closed,
The Local Choice Pharmacy Westdene,Full Sail 90 (Pty) Ltd,400086,835795,0202894,0514477145,westdene@thelocalchoice.co.za,"Cnr President Steyn &, 2nd Ave, Westdene, Bloemfontein, 9301, South Africa",Bloemfontein,Mangaung Metropolitan Municipality,Free State,9301,-29.105262,26.210371,True,false,False,08:00-18:00,08:00-18:00,08:00-18:00,08:00-18:00,08:00-18:00,08:00-13:00,Closed,
The Local Choice Pharmacy Bloemfontein,Bloemfontein Pharmacy (Pty) Ltd,400237,941916,6010725,0514304487,bloemfontein@thelocalchoice.co.za,"32 Oos Burger Straat, Bloemfontein Central, Bloemfontein, 9301, South Africa",Bloemfontein,Motheo,Free State,9301,-29.117932,26.2234463,True,false,False,08:30-17:30,08:30-17:30,08:30-17:30,08:30-17:30,08:30-17:30,08:00-13:00,Closed,
The Local Choice Pharmacy Church Street,Tromp Badenhorst CC,400236,921675,0348899,0511011620,church@thelocalchoice.co.za,"174 OR Tambo Rd, Oranjesig, Bloemfontein, 9301, South Africa",Bloemfontein,Motheo,Free State,9301,-29.1303761,26.2186833,True,false,False,08:00-18:00,08:00-18:00,08:00-18:00,08:00-18:00,08:00-18:00,09:00-14:00,Closed,
The Local Choice Pharmacy Rivershed,LDC Crous (pty) Ltd,400441,796923,1088416,0560501168,rivershed@thelocalchoie.co.za,"The Local Choice Pharmacy Rivershed, Bree Street, Parys, South Africa",,Parys,Free State,9585,-26.9072437,27.4451221,True,false,True,09:00-18:00,09:00-18:00,09:00-18:00,09:00-18:00,09:00-18:00,09:00-17:00,09:00-14:00,09:00-14:00
The Local Choice Pharmacy Schwim's,Schwim`s Pharmacy Parys,400200,557791,0622451,0568171020,schwims@thelocalchoice.co.za,"The Local Choice Pharmacy Schwim's, Bree Street, Parys, South Africa",,Parys,Free State,9585,-26.9040212,27.4494876,True,false,True,08:00-20:00,08:00-20:00,08:00-20:00,08:00-20:00,08:00-20:00,08:00-14:00,10:00-12:30,
The Local Choice Pharmacy Lethabo,Lynette Labuschagne CC,411153,186515,0083852,0169712224,lethabo@thelocalchoice.co.za,"The Local Choice Pharmacy Lethabo, Van Staden Street, Vaalpark, Sasolburg, South Africa",Vaalpark,Sasolburg,Free State,1947,-26.7720889,27.8433671,False,false,True,08:00-17:30,08:00-17:30,08:00-17:30,08:00-17:30,08:00-17:30,09:00-12:30,06:00-06:00,
The Local Choice Pharmacy Ladybrand,Ladybrand Apteek CC,400345,751191,0108529,0519242061,ladybrand@thelocalchoice.co.za,"24B Church St, Ladybrand, 9745, South Africa",Ladybrand,Thabo Mofutsanyana District Municipality,Free State,9745,-29.1963755,27.457438,True,false,False,08:00-17:00,08:00-17:00,08:00-17:00,08:00-17:00,08:00-17:00,08:00-13:00,Closed,
The Local Choice Pharmacy Reitz,Reitz Pharmacy (PTY) LTD,400450,329343,6011632,0588632801,reitz@thelocalchoice.co.za,"52 Kerk St, Reitz, 9810, South Africa",Reitz,Thabo Mofutsanyana District Municipality,Free State,9810,-27.7982918,28.4313962,True,false,False,08:00-17:00,08:00-17:00,08:00-17:00,08:00-17:00,08:00-17:00,08:00-13:00,Closed,
The Local Choice Pharmacy Roos,K2023006350,400560,628439,1229427,0580503137,roos@thelocalchoice.co.za,"Roos St, Reitz, 9810, South Africa",Reitz,Thabo Mofutsanyana District Municipality,Free State,9810,-27.80181,28.428807,True,false,True,09:00-17:30,09:00-17:30,09:00-17:30,09:00-17:30,09:00-17:30,09:00-13:00,11:00-12:00,Closed
The Local Choice Pharmacy Viljoenskroon,Viljoenskroon Apteek,410900,100042,0273376,056 343 2504,viljoenskroon@thelocalchoice.co.za,"34 Piet Retief Street, Viljoenskroon, 9520, South Africa",,Viljoenskroon,Free State,9520,-27.2095916,26.9481062,True,false,False,08:00-17:00,08:00-17:00,08:00-17:00,08:00-17:00,08:00-17:00,08:30-13:00,08:30-13:00,
The Local Choice Pharmacy Elizabeth Street,JC VAN EEDEN CC (CC3497),410250,594241,6034918,0573521729,elizabethstreet@thelocalchoice.co.za,"The Local Choice Pharmacy Elizabeth Street, Arrarat Road, Welkom Central, Welkom, South Africa",Welkom Central,Welkom,Free State,9460,-27.9801534,26.7417639,True,false,True,08:00-20:00,08:00-20:00,08:00-20:00,08:00-20:00,08:00-20:00,09:00-14:00,09:00-13:00,
The Local Choice Pharmacy Empire,Empire Pharmacy (Pty) Ltd,400550,289567,1083244,0571010066,empire@thelocalchoice.co.za,"The Local Choice Pharmacy Empire, Empire Square, Jan Hofmeyer Road, Voorspoed, Welkom, South Africa",Voorspoed,Welkom,Free State,9460,-27.98162,26.775539,True,false,True,08:00-19:00,08:00-19:00,08:00-19:00,08:00-19:00,08:00-19:00,08:00-14:00,09:00-13:00,
The Local Choice Pharmacy Frank Korb,Klinichem Pty Ltd,411299,100010,0795682,0573881085,frankkorb@thelocalchoice.co.za,"Frank Korb Pharmacy, Craib Avenue, Riebeeckstad, Welkom, South Africa",Riebeeckstad,Welkom,Free State,9459,-27.9360538,26.8051366,True,false,True,08:30-19:00,08:30-19:00,08:30-19:00,08:30-19:00,08:30-19:00,08:30-13:00,,
The Local Choice Pharmacy Rendezvous,Rheederspark Pharmacy (Pty) Ltd,400665,981747,6031455,0573526507,rendezvous@thelocalchoice.co.za,"The Local Choice Pharmacy Rendezvous, Mooi Street, Welkom Central, Welkom, South Africa",Welkom Central,Welkom,Free State,9460,-27.9825188,26.7355395,False,false,True,08:00-18:00,08:00-18:00,08:00-18:00,08:00-18:00,08:00-18:00,09:00-14:00,06:00-06:00,09:00-13:00
The Local Choice U Pharmacy,U-Pharmacy,400670,100013,AWAITING,0571010230,upharmacy@thelocalchoice.co.za,"The Local Choice U Pharmacy, Mc Lean Street, Riebeeckstad, Welkom, South Africa",Riebeeckstad,Welkom,Free State,9459,-27.9245264,26.809475,True,false,True,14:00-19:00,14:00-19:00,14:00-19:00,14:00-19:00,14:00-19:00,09:00-14:00,10:00-12:00,
The Local Choice Pharmacy Scott’s Corner - Sky City,Scott’s Corner Pharmacy,400735,100046,0808717,011 903 7140,scottscorner@thelocalchoice.co.za,"African Bank Vereeniging, Cosmopolitan Drive, Vereeniging NU, South Africa",Vereeniging NU,,Gauteng,1447,-26.414083,28.120306,True,false,True,09:00-18:00,09:00-18:00,09:00-18:00,09:00-18:00,09:00-18:00,09:00-17:00,09:00-15:00,09:00-15:00
The Local Choice Pharmacy Jacqueline,Jacqueline Pharmacy CC,400055,792533,6042198,0118641411,jacqueline@thelocalchoice.co.za,"The Local Choice Pharmacy Jacqueline, JS Sentrum, General Alberts Avenue, Randhart, Alberton, South Africa",Randhart,Alberton,Gauteng,1449,-26.2874532,28.1166579,True,false,False,08:30-18:00,08:30-18:00,08:30-18:00,08:30-18:00,08:30-18:00,08:00-13:00,10:30-12:00,
The Local Choice Pharmacy On Penzance,The Local Choice Pharmacy On Penzance,401000,100084,1292420,010 085 2911,onpenzance@thelocalchoice.co.za,"Bazinga on Penzance, 14 Penzance Street, New Redruth, Alberton, South Africa",New Redruth,Alberton,Gauteng,1449,-26.2674484,28.1172218,True,false,True,07:00-18:00,07:00-18:00,07:00-18:00,07:00-18:00,07:00-18:00,08:00-16:00,09:00-12:00,09:00-14:00
The Local Choice Head Office,The Local Choice Head Office,410929,9090,,0136651698,care@thelocalchoice.net,"The Local Choice Pharmacy Falls, Northmead, Benoni, South Africa",Northmead,Benoni,Gauteng,1501,-26.1666937,28.3101983,False,true,False,08:00-17:00,08:00-19:00,08:00-19:00,08:00-19:00,06:00-22:00,08:00-18:00,08:00-17:00,08:00-19:00
The Local Choice Van Dyk Park,Rondebult Pharmacy Pty Ltd,100117,100117,0293288,0119152741,vandykpark@thelocalchoice.co.za,"Van dyk Park Piazza Shopping Centre, 34 Olive Street, Van Dykpark, Boksburg, 1459, South Africa",Van Dykpark,Boksburg,Gauteng,1459,-26.2605954,28.2946106,True,False,True,,,,,,,,
The Local Choice Pharmacy Audie,Audie Pharmacy (Pty) Ltd,410426,843278,0884073,0117445227,audie@thelocalchoice.co.za,"The Local Choice Pharmacy Audie, Prince George Avenue, Brakpan, South Africa",Brakpan,Brakpan,Gauteng,1540,-26.2445553,28.369,True,false,False,08:30-19:00,08:30-19:00,08:30-19:00,08:30-19:00,08:30-19:00,08:30-19:00,11:00-19:00,
The Local Choice Pharmacy K Crossing,The Local Choice Pharmacy K Crossing (PTY) LTD,400990,100083,1289551,013 001 4611,kcrossing@thelocalchoice.co.za,"De La Rey Street, Erasmus, Bronkhorstspruit, 1020, South Africa",Erasmus,Bronkhorstspruit,Gauteng,1020,-25.8140359,28.742261,True,false,True,08:00-18:00,08:00-18:00,08:00-18:00,08:00-18:00,08:00-18:00,08:00-14:00,09:00-12:00,
The Local Choice Pharmacy Blairgowrie,Blairgowrie Pharmacy CC,400012,361929,0164658,0117875777,blairgowrie@thelocalchoice.co.za,"70 Conrad Dr, Blairgowrie, Randburg, 2194, South Africa",Randburg,City of Johannesburg Metropolitan Municipality,Gauteng,2194,-26.1158648,28.0101887,True,false,True,08:30-18:00,08:30-18:00,08:30-18:00,08:30-18:00,08:30-18:00,08:30-16:00,09:00-13:00,
The Local Choice Pharmacy Colony,A C Amod Carrim CC,400120,979238,6068693,0113270300,colony@thelocalchoice.co.za,"345 Jan Smuts Ave, Craighall Park, Randburg, 2196, South Africa",Randburg,City of Johannesburg Metropolitan Municipality,Gauteng,2196,-26.1226995,28.0299271,True,false,True,09:00-17:30,09:00-17:30,09:00-17:30,09:00-17:30,14:00-17:30,09:00-14:00,Closed,
The Local Choice Pharmacy Duxmed,Kamal Ganda CC,400395,342289,0129453,0118554454,duxmed@thelocalchoice.co.za,"6597 Sheffield Rd, Lenasia South, Lenasia, 1829, South Africa",Lenasia,City of Johannesburg Metropolitan Municipality,Gauteng,1829,-26.3888291,27.8567933,True,false,True,09:30-19:00,09:30-19:00,09:30-19:00,09:30-19:00,09:30-19:00,09:00-14:00,Closed,
The Local Choice Pharmacy El Corro,"G A Pentopoulos, D Caveleros CC",400018,593539,6015956,0116782319,elcorro@thelocalchoice.co.za,"130 Weltevreden Rd, Northcliff, Randburg, 2195, South Africa",Randburg,City of Johannesburg Metropolitan Municipality,Gauteng,2195,-26.1445184,27.9543535,True,false,True,08:00-19:00,08:00-19:00,08:00-19:00,08:00-19:00,08:00-19:00,08:00-17:00,09:00-14:00,
The Local Choice Pharmacy Fourteenth Avenue,Neyroo Enterprises (PTY) LTD,400471,212619,0386960,0114764510,14th@thelocalchoice.co.za,"Shop 11, Centre, 14th Ave, Fairland, Randburg, 2030, South Africa",Randburg,City of Johannesburg Metropolitan Municipality,Gauteng,2030,-26.150652,27.943868,True,false,True,09:00-18:00,09:00-18:00,09:00-18:00,09:00-18:00,09:00-18:00,09:00-18:00,09:00-17:00,
The Local Choice Pharmacy Lenasia,Queenslake Investments,400515,739347,1059610,0112116019,lenasia@thelocalchoice.co.za,"81 Rose Ave, Lenasia, 1820, South Africa",Lenasia,City of Johannesburg Metropolitan Municipality,Gauteng,1820,-26.3213053,27.8315013,True,false,False,08:30-19:30,08:30-19:30,08:30-19:30,08:30-19:30,13:00-19:30,08:30-17:00,08:30-17:00,
The Local Choice Pharmacy Mays,Bryanevan Pharmacy (PTY) LTD,410000,638935,6017754,0117268014,mays@thelocalchoice.co.za,"11 Main Rd, Melville, Johannesburg, 2092, South Africa",Johannesburg,City of Johannesburg Metropolitan Municipality,Gauteng,2092,-26.1767329,28.0008421,True,false,True,08:00-19:00,08:00-19:00,08:00-19:00,08:00-19:00,08:00-19:00,08:00-19:00,09:00-14:00,
The Local Choice Pharmacy Midrand,Lubbe Family Investments (PTY) LTD,400406,183771,0952702,0100250541,midrand@thelocalchoice.co.za,"Cnr Ridge & Pretorius Rd Shop 5, Waterfall Ridge Centre, Vorna Valley, Midrand, 1686, South Africa",Midrand,City of Johannesburg Metropolitan Municipality,Gauteng,1686,-26.0095727,28.1084239,True,false,False,09:00-19:00,09:00-19:00,09:00-19:00,09:00-19:00,09:00-19:00,08:00-17:00,09:00-15:00,
The Local Choice Pharmacy Northriding,Northriding Pharmacy,400042,164991,0653020,0117047271,northriding@thelocalchoice.co.za,"Cnr Witkoppen & New Market Rd Northlands Corner Centre, Northriding, Randburg, 2169, South Africa",Randburg,City of Johannesburg Metropolitan Municipality,Gauteng,2169,-26.0394314,27.9569404,True,false,True,08:30-18:00,08:30-18:00,08:30-18:00,08:30-18:00,08:30-18:00,09:00-14:00,10:00-13:00,
The Local Choice Pharmacy Ormonde,R & R Pharmacy CC,400310,935131,0832723,0100250700,ormonde@thelocalchoice.co.za,"Ormonde Shopping Centre, 18 Crownwood St, Ormonde, Johannesburg, 2091, South Africa",Johannesburg,City of Johannesburg Metropolitan Municipality,Gauteng,2091,-26.24163,28.0048,True,false,False,09:00-20:00,09:00-20:00,09:00-20:00,09:00-20:00,09:00-20:00,09:00-18:00,09:00-15:00,
The Local Choice Pharmacy Park,CAN Pharmaceuticals (Pty) Ltd,410405,968272,0608459,0114723734,park@thelocalchoice.co.za,"Cnr Golf Club Terrace &, Honeyball Ave, Selwyn, Roodepoort, 1709, South Africa",Roodepoort,City of Johannesburg Metropolitan Municipality,Gauteng,1709,-26.15944,27.904598,True,false,False,08:00-21:00,08:00-21:00,08:00-21:00,08:00-21:00,08:00-21:00,08:00-21:00,08:00-21:00,
The Local Choice Pharmacy Parklands,PURE PHARMACY RETAIL (PTY) LTD (CC4002),410947,142185,1111426,0117889307,parklands@thelocalchoice.co.za,"31 4th Ave, Parkhurst, Randburg, 2193, South Africa",Randburg,City of Johannesburg Metropolitan Municipality,Gauteng,2193,-26.13868,28.01749,True,false,True,09:00-18:00,09:00-18:00,09:00-18:00,09:00-18:00,09:00-18:00,09:00-14:00,10:00-13:00,
The Local Choice Pharmacy Pharmwave Devland,Dumitswala General Trading,400370,979878,0876674,0649557141,pharmwave@thelocalchoice.co.za,"Golden Highway, Jan de Neckor Drive, Devland, Eldorado Park, Soweto, 1832, South Africa",Soweto,City of Johannesburg Metropolitan Municipality,Gauteng,1832,-26.2954574,27.9241385,True,false,True,08:00-18:00,08:00-18:00,08:00-18:00,08:00-18:00,08:00-18:00,08:00-17:00,08:00-17:00,
The Local Choice Pharmacy Pharmwave Ndofaya Mall,Rami Trading Enterprise CC,400490,931333,0513458,0115361030,pharmwavendofaya@thelocalchoice.co.za,"Hekroodt Cir, Meadowlands, Johannesburg, 1852, South Africa",Johannesburg,City of Johannesburg Metropolitan Municipality,Gauteng,1852,-26.2226883,27.8994455,True,false,True,09:00-19:00,09:00-19:00,09:00-19:00,09:00-19:00,09:00-19:00,09:00-17:00,09:00-14:00,
The Local Choice Pharmacy Rock Cottage,Rock Cottage Pharmacy (PTY) LTD,400416,423184,0987816,0117947021,rockcottage@thelocalchoice.co.za,"Shop 7 Rock Cottage Centre, Cnr Christiaan De Wet & John Voster Raod, Randpark Ridge, Weltevredenpark, Randburg, 2169, South Africa",Randburg,City of Johannesburg Metropolitan Municipality,Gauteng,2169,-26.1042635,27.9268001,True,false,True,08:30-19:00,08:30-19:00,08:30-19:00,08:30-19:00,08:30-19:00,08:30-14:00,09:00-13:00,
The Local Choice Pharmacy Rox,RJAV Group (Pty) Ltd,400064,276972,6019390,0118372829,rox@thelocalchoice.co.za,"69 Church St, Mayfair, Johannesburg, 2092, South Africa",Johannesburg,City of Johannesburg Metropolitan Municipality,Gauteng,2092,-26.2035518,28.0119449,True,false,True,10:00-19:00,10:00-19:00,10:00-19:00,10:00-19:00,09:30-17:30,10:00-19:00,10:00-19:00,
The Local Choice Pharmacy Strijdompark,Medlife Pharmacies (PTY) LTD,410877,416531,0971901,0105101180,strijdompark@thelocalchoice.co.za,"Cnr Malibongwe Dr & Rocky St Shop 10, Home World Centre, Strydompark, Randburg, 2194, South Africa",Randburg,City of Johannesburg Metropolitan Municipality,Gauteng,2194,-26.0794414,27.9775203,True,false,True,08:00-20:00,08:00-20:00,08:00-20:00,08:00-20:00,08:00-20:00,08:00-20:00,09:00-20:00,
The Local Choice Pharmacy Wilrogate,NR Procurements (PTY) LTD,411780,388653,1227351,0824639181,wilrogate@thelocalchoice.co.za,"C R Swart Rd & Ontdekkers Rd, Princess, Roodepoort, 1774, South Africa",Roodepoort,City of Johannesburg Metropolitan Municipality,Gauteng,1774,-26.1259265,27.8472901,True,false,False,09:00-20:00,09:00-20:00,09:00-20:00,09:00-20:00,09:00-20:00,09:00-17:00,09:00-16:00,
The Local Choice Pharmacy Witpoortjie,Witpoortjie Pharmacy (pty) Ltd,410125,337271,6020992,0116646000,witpoortjie@thelocalchoice.co.za,"36 Generaal Pienaar Ave, Witpoortjie, Roodepoort, 1724, South Africa",Roodepoort,City of Johannesburg Metropolitan Municipality,Gauteng,1724,-26.133222,27.834667,True,false,True,08:30-18:00,08:30-18:00,08:30-18:00,08:30-18:00,08:30-18:00,08:00-14:00,09:00-13:00,
The Local Choice Pharmacy Bronberrik,National Pride Trading (Pty) Ltd,400013,173743,6033059,0126534191,bronberrik@thelocalchoice.co.za,"400 Theuns Van Niekerk St, Wierdapark, Centurion, 0157, South Africa",Centurion,City of Tshwane Metropolitan Municipality,Gauteng,0157,-25.8692929,28.1517082,True,false,False,08:00-20:00,08:00-20:00,08:00-20:00,08:00-20:00,08:00-20:00,08:00-19:00,17:00-19:00,
The Local Choice Pharmacy Kramer's,The Local Choice Kramer's Pharmacy,400032,795128,6022782,0123770251,kramers@localchoice.co.za,"581 Van Der Hoff Rd, Pretoria Gardens, Pretoria, 0082, South Africa",Pretoria,City of Tshwane Metropolitan Municipality,Gauteng,0082,-25.7193533,28.1516556,True,false,False,08:00-20:00,08:00-20:00,08:00-20:00,08:00-20:00,08:00-20:00,08:00-20:00,09:00-20:00,
The Local Choice Pharmacy Kungwini,The Local Choice Kungwini Pharmacy,400335,758939,257893,0139322955,kungwini@localchoice.co.za,"Shop 1, Pazere Centre, 49 Church St, Erasmus, Bronkhorstspruit, 1020, South Africa",Bronkhorstspruit,City of Tshwane Metropolitan Municipality,Gauteng,1020,-25.80567,28.73808,True,false,False,08:00-18:00,08:00-18:00,08:00-18:00,08:00-18:00,08:00-18:00,08:00-14:00,09:00-12:00,
The Local Choice Pharmacy MedValue,FPR Swanepoel,400176,764534,6079326,0128081490,medvalue@thelocalchoice.co.za,"Sefako Makgatho Dr Zambezi Office Park, Block B, Shop B1, Roodeplaat, 0039, South Africa",Roodeplaat,City of Tshwane Metropolitan Municipality,Gauteng,0039,-25.6833407,28.2974033,True,false,True,08:30-18:00,08:30-18:00,08:30-18:00,08:30-18:00,08:30-18:00,08:30-13:30,10:00-13:00,
The Local Choice Pharmacy Noord Med,Noordmed (PTY) LTD,400530,198626,1067052,0828233023,noordmed@thelocalchoice.co.za,"President Steyn St & West St, Wolmer, Pretoria, 0182, South Africa",Pretoria,City of Tshwane Metropolitan Municipality,Gauteng,0182,-25.6656917,28.16707,True,false,True,07:00-20:00,07:00-20:00,07:00-20:00,07:00-20:00,07:00-20:00,07:00-20:00,07:00-20:00,
The Local Choice Pharmacy Swaan Straat,Erik Swanepoel (PTY) LTD,400518,231979,6069126,0128004176,swaanstraat@thelocalchoice.co.za,"Jan Coetzee St, Jan Niemand Park, Pretoria, 0186, South Africa",Pretoria,City of Tshwane Metropolitan Municipality,Gauteng,0186,-25.708264,28.288463,True,false,True,08:30-19:00,08:30-19:00,08:30-19:00,08:30-19:00,08:30-19:00,17:00-19:00,17:00-19:00,
The Local Choice Pharmacy Waterkloofrand,K2020260 (SA),400556,855122,1178628,0120155257,waterkloof@thelocalchoice.co.za,"Rigel Ave & Buffelsdrift St, Erasmusrand, Pretoria, 0165, South Africa",Pretoria,City of Tshwane Metropolitan Municipality,Gauteng,0165,-25.8082834,28.2553093,True,false,True,08:00-19:00,08:00-19:00,08:00-19:00,08:00-19:00,08:00-19:00,09:00-13:00,09:00-13:00,
The Local Choice Pharmacy Dowerglen,Opharma Group Industries (PTY) LTD,410366,148667,0906565,0114537661,dowerglen@thelocalchoice.co.za,"Shop 9, Plaza, Sycamore Dr, Dowerglen, Edenvale, 1612, South Africa",Edenvale,Ekurhuleni Metropolitan Municipality,Gauteng,1612,-26.1439976,28.1381973,True,false,True,08:00-18:30,08:00-18:30,08:00-18:30,08:00-18:30,08:00-18:30,08:30-14:00,09:00-13:00,
The Local Choice Pharmacy Falls,The Local Choice Falls Pharmacy,400011,343961,6083145,0118497924,falls@thelocalchoice.co.za,"Cnr Great North Rd & Webb St Falls Shopping Centre, Northmead, Benoni, 1501, South Africa",Benoni,Ekurhuleni Metropolitan Municipality,Gauteng,1501,-26.1669925,28.3103977,True,,False,08:00-18:00,08:00-18:00,08:00-18:00,08:00-18:00,08:00-18:00,08:00-14:00,09:00-13:00,
The Local Choice Pharmacy Harmelia,D L van Rensburg CC,400023,286815,6032222,0119743835,harmelia@thelocalchoice.co.za,"46 Shelton Ave, Harmelia, Germiston, 1429, South Africa",Germiston,Ekurhuleni Metropolitan Municipality,Gauteng,1429,-26.1403184,28.1884098,True,false,False,08:00-18:00,08:00-18:00,08:00-18:00,08:00-18:00,08:00-18:00,08:00-13:00,Closed,
The Local Choice Pharmacy Lily,Cunningham and Van Rooyen,400034,139517,6076033,0118223056,lily@thelocalchoice.co.za,"55A Kenneth Ave, Homestead, Germiston, 1401, South Africa",Germiston,Ekurhuleni Metropolitan Municipality,Gauteng,1401,-26.1764841,28.1885022,True,false,True,08:00-19:00,08:00-19:00,08:00-19:00,08:00-19:00,08:00-19:00,08:00-14:00,10:00-13:00,
The Local Choice Pharmacy Multikem,R Marais BK,400135,751884,6030149,0119130422,multikem@thelocalchoice.co.za,"Cnr of Nicholson Rd &, Kingfisher Ave, Sunward Park, Boksburg, 1470, South Africa",Boksburg,Ekurhuleni Metropolitan Municipality,Gauteng,1470,-26.2563814,28.2647433,True,false,False,08:30-19:00,08:30-19:00,08:30-19:00,08:30-19:00,08:30-19:00,08:00-15:00,09:00-13:00,
The Local Choice Pharmacy Nevada,Nevada Pharmacy,400470,445549,1102818,0118616100,nevada@thelocalchoice.co.za,"68 Voortrekker Rd Shop 6, Nevada Centre, New Redruth, Alberton, 1449, South Africa",Alberton,Ekurhuleni Metropolitan Municipality,Gauteng,1449,-26.2705837,28.1218853,True,true,True,08:00-19:00,08:00-19:00,08:00-19:00,08:00-19:00,08:00-19:00,08:00-18:00,09:00-14:00,
The Local Choice Pharmacy Oak Avenue,Cunningham and Van Rooyen,400044,894692,6078974,0118262222,oakave@thelocalchoice.co.za,"49 Main St, Witfield, Boksburg, 1459, South Africa",Boksburg,Ekurhuleni Metropolitan Municipality,Gauteng,1459,-26.1883995,28.205968,True,false,True,08:00-18:00,08:00-18:00,08:00-18:00,08:00-18:00,08:00-18:00,08:00-14:00,Closed,
The Local Choice Pharmacy Strubenvale,Grant + Prinsloo CC,400051,979514,6024742,0113623774,strubenvale@thelocalchoice.co.za,"Cnr Ermelo and, Largo Rd, Strubenvale, Springs, 1559, South Africa",Springs,Ekurhuleni Metropolitan Municipality,Gauteng,1559,-26.2577218,28.4694446,True,false,True,08:00-19:00,08:00-19:00,08:00-19:00,08:00-19:00,08:00-19:00,08:00-18:00,17:00-19:00,
The Local Choice Pharmacy Doornfontein,Quadrucorp Pty Ltd,400705,319117,0808792,010 013 3604,doornfontein@thelocalchoice.co.za,"The Local Choice Pharmacy Doornfontein, Hayani Building, Davies Street, Doornfontein, Johannesburg, South Africa",Doornfontein,Johannesburg,Gauteng,2028,-26.198651,28.05361599999999,False,false,True,09:00-18:00,09:00-18:00,09:00-18:00,09:00-18:00,09:00-18:00,09:00-15:00,09:00-15:00,
The Local Choice Pharmacy Lakefield,GRENICH HOLDINGS (PTY)LTD,401032,100095,1307703,0101008122,lakefield@thelocalchoice.co.za,"2 Lakefield Avenue, Lakefield, Johannesburg, South Africa",Lakefield,Johannesburg,Gauteng,1501,-26.1794755,28.2902398,True,False,True,,,,,,,,
The Local Choice Pharmacy Sam Ntuli,Sam Ntuli Mall Pharmacy PTY Ltd,400689,100031,1220489,0119033878,samntuli@thelocalchoice.co.za,"Khumalo St & Masakhane St, Goba, Katlehong, South Africa",Goba,Katlehong,Gauteng,1431,-26.34322,28.14956999999999,True,false,True,09:00-18:00,09:00-18:00,09:00-18:00,09:00-18:00,09:00-18:00,09:00-17:00,09:00-15:00,
The Local Choice Pharmacy Sontonga Mall,Sontonga Mall Pharmacy Pty Ltd,411003,100018,0395358,0119033878,sontongamall@thelocalchoice.co.za,"The Local Choice Pharmacy Sontonga Mall, Sontonga Mall, Ap Khumalo, Katlehong, South Africa",Ap Khumalo,Katlehong,Gauteng,1431,-26.3750244,28.1629906,False,false,True,09:00-18:00,09:00-18:00,09:00-18:00,09:00-18:00,09:00-18:00,09:00-15:00,09:00-14:00,09:00-14:00
The Local Choice Pharmacy Magaliesburg,Magaliesburg Pharmacy,411037,958335,0059471,0145771470,magaliesburg@thelocalchoice.co.za,"The Local Choice Pharmacy Magaliesburg, Rustenburg Road, Magaliesburg, South Africa",,Magaliesburg,Gauteng,1791,-26.00105,27.55293,True,false,True,08:30-18:00,08:30-18:00,08:30-18:00,08:30-18:00,08:30-18:00,08:30-13:00,10:30-12:00,
The Local Choice Pharmacy Riverstone Wellness,Riverstone Wellness,400740,100035,6021271,0163630112,riverstone@thelocalchoice.co.za,"Riverstone Mall, Corner Jim Fouche, Pierneef Boulevard, &, Meyerton, South Africa",&,Meyerton,Gauteng,,-26.58076789999999,28.01650059999999,True,false,True,,,,,,,,
The Local Choice Pharmacy Van Der Walt,SILVER DAWN INVESTMENTS 186 CC,400053,683376,6021271,0163620612,vanderwalt@thelocalchoice.co.za,"The Local Choice Pharmacy Van Der Walt, Reitz Street, Meyerton, South Africa",,Meyerton,Gauteng,1961,-26.5594876,28.01436289999999,True,false,False,08:30-19:00,08:30-19:00,08:30-19:00,08:30-19:00,08:30-19:00,08:30-13:00,09:00-13:00,
The Local Choice Pharmacy Ferryvale,Ferryvale Pharmacy (Pty) Ltd,400070,225563,6041248,0118143231,ferryvale@thelocalchoice.co.za,"The Local Choice Pharmacy Ferryvale, Beverley Road, Ferryvale, Nigel, South Africa",Ferryvale,Nigel,Gauteng,1491,-26.4305575,28.4797264,True,false,True,08:00-17:00,08:00-17:00,08:00-17:00,08:00-17:00,08:00-19:00,08:00-13:00,10:30-12:30,
The Local Choice Pharmacy  Midstream,The Local Choice Pharmacy Midstream,100114,100113,0000000,0000000000,midstream@thelocalchoice.co.za,"Midstream Estate, Olifantsfontein, South Africa",Midstream Estate,Olifantsfontein,Gauteng,1692,-25.9102474,28.1912538,True,False,True,,,,,,,,
The Local Choice Pharmacy All-Health Sunnyside,Leshabane Holdings,411820,836266,0815594,0123410413,allhealth@thelocalchoice.co.za,"The Local Choice All-health Sunnyside Pharmacy, Celliers Street, Sunnyside, Pretoria, South Africa",Sunnyside,Pretoria,Gauteng,0002,-25.7524981,28.2068922,True,false,True,08:00-20:30,08:00-20:30,08:00-20:30,08:00-20:30,08:00-20:30,08:00-18:00,09:00-13:00,09:00-13:00
The Local Choice Pharmacy Bon Accord,Bon Accord Apteek (PTY) LTD,412041,100005,1258788,0125620654,bonaccord@thelocalchoice.co.za,"841 Lavender Road, Bon Accord AH, Pretoria, South Africa",Bon Accord AH,Pretoria,Gauteng,0009,-25.6283045,28.203752,False,false,True,08:00-17:30,08:00-17:30,08:00-17:30,08:00-17:30,08:00-17:30,08:00-13:00,09:00-13:00,09:00-13:00
The Local Choice Pharmacy Bronberg,Die Bronberg Aptekers en Drogiste (Pty)Ltd,420245,764371,6022286,0127401255,bronberg@thelocalchoice.co.za,"The Local Choice Pharmacy Bronberg, Bourke Street, Muckleneuk, Pretoria, South Africa",Muckleneuk,Pretoria,Gauteng,0181,-25.761944,28.204929,True,false,True,08:00-19:00,08:00-19:00,08:00-19:00,08:00-19:00,08:00-19:00,08:00-13:00,09:00-12:00,
The Local Choice Pharmacy Brooklyn,Herman Lubbe Group t/a The Local Choice Pharmacy Brooklyn,400718,100032,0952702,0120300266,brooklyn@thelocalchoice.co.za,"158 Olivier Street, Brooklyn, Pretoria, 0181, South Africa",Brooklyn,Pretoria,Gauteng,0011,-25.7696448,28.2361129,True,false,True,08:30-17:30,08:30-17:30,08:30-17:30,08:30-17:30,08:30-17:30,08:00-13:00,06:00-06:00,06:00-06:00
The Local Choice Pharmacy Die Hoek,Die Hoek Med Apteek,400635,642585,1223720,0123353786,diehoek@thelocalchoice.co.za,"The Local Choice Pharmacy Die Hoek, 5th Avenue, Mayville, Pretoria, South Africa",Mayville,Pretoria,Gauteng,0084,-25.707918,28.193788,False,false,True,07:00-20:00,07:00-20:00,07:00-20:00,07:00-20:00,07:00-20:00,07:00-20:00,07:00-20:00,
The Local Choice Pharmacy Esselen Street,JJ STRYDOM BK ,400640,526162,1215817,0124403311,esselenstreet@thelocalchoice.co.za,"The Local Choice Pharmacy Esselen Street, Robert Sobukwe Street, Sunnyside, Pretoria, South Africa",Sunnyside,Pretoria,Gauteng,0002,-25.753056,28.207222,True,false,True,08:00-19:00,08:00-19:00,08:00-19:00,08:00-19:00,08:00-19:00,08:00-17:00,08:00-15:30,
The Local Choice Pharmacy Eye Institute,TLC Eye Institute Pharmacy,400661,100019,1207393,0114270000,eyeinstitute@thelocalchoice.co.za,"The Local Choice Pharmacy Eye Institute, Francis Baard Street, Arcadia, Pretoria, South Africa",Arcadia,Pretoria,Gauteng,0007,-25.747537,28.210989,False,false,True,08:00-17:00,08:00-17:00,08:00-17:00,08:00-17:00,08:00-16:00,,,
The Local Choice Pharmacy La Montagne,AE Lombard CC,411275,723299,6065848,0128034351,lamontagne@thelocalchoice.co.za,"The Local Choice Pharmacy La Montagne, Albertus Street, La Montagne, Pretoria, South Africa",La Montagne,Pretoria,Gauteng,0184,-25.746962,28.3180575,True,false,True,08:00-18:00,08:00-18:00,08:00-18:00,08:00-18:00,08:00-18:00,08:30-14:00,09:30-13:00,09:30-13:00
The Local Choice Pharmacy Olympus,T and B Healthcare (PTY) LTD,400690,100039,1233637,079 052 1833,olympus@thelocalchoice.co.za,"950 Olympus Drive, Faerie Glen, Pretoria, South Africa",Faerie Glen,Pretoria,Gauteng,0081,-25.7910721,28.3310378,True,false,True,07:30-22:00,07:30-22:00,07:30-22:00,07:30-22:00,07:30-22:00,07:30-22:00,07:30-22:00,
The Local Choice Pharmacy On Cliffendale,Pharmasavvy (PTY) LTD,400656,100020,1236083,0120232864,faerieglen@thelocalchoice.co.za,"The Local Choice Pharmacy On Cliffendale, Cliffendale Drive, Faerie Glen, Pretoria, South Africa",Faerie Glen,Pretoria,Gauteng,0081,-25.7893429,28.3145296,True,false,True,08:00-18:00,08:00-18:00,08:00-18:00,08:00-18:00,08:00-18:00,08:00-14:00,09:00-13:00,09:00-13:00
The Local Choice Pharmacy Club View,NashCo Trading,401060,100099,1183575,0000000000,clubview@thelocalchoice.co.za,"Clubview Village Mall, 250 Republic Rd, Randpark, Randburg, South Africa",Randpark,Randburg,Gauteng,2192,-26.1166681,27.9721993,True,False,True,,,,,,,,
The Local Choice Pharmacy Roodeplaat,ROODEPLAAT MED (PTY)LTD,400800,100105,AWAITING,0000000000,roodeplaat@thelocalchoice.co.za,"210 Kameeldrift Road, Kameeldrift East, Roodeplaat, South Africa",Kameeldrift East,Roodeplaat,Gauteng,0035,-25.6600697,28.3115796,True,False,True,,,,,,,,
The Local Choice Pharmacy Hillfox,Jy Pharmacy Health,400725,100030,1222376,0100239439,hillfox@thelocalchoice.co.za,"The Local Choice Pharmacy Hillfox, Hillfox Power Centre, Hendrik Potgieter Road, Weltevredenpark, Roodepoort, South Africa",Weltevredenpark,Roodepoort,Gauteng,1709,-26.1395657,27.9206382,False,false,True,07:00-18:00,07:00-18:00,07:00-18:00,07:00-18:00,07:00-18:00,08:00-17:00,08:00-14:00,
The Local Choice Pharmacy Meric Med,Nkonhle Pty Ltd,400681,100028,1219634,0100651411,mericmed@thelocalchoice.co.za,"The Local Choice Pharmacy Meric-Med, Malindi St, Sebokeng Unit 17, Sebokeng, South Africa",Sebokeng Unit 17,Sebokeng,Gauteng,1983,-26.591773,27.822287,True,false,True,09:00-18:00,09:00-18:00,09:00-18:00,09:00-18:00,09:00-18:00,09:00-15:00,09:00-14:00,09:00-14:00
The Local Choice Pharmacy Beverly Hills,Beverly Hills Pharmacy,400447,969783,0331384,0165821136,beverlyhills@thelocalchoice.co.za,"Cnr Golden Hwy &, Plaza, Easton Rd, Evaton West, Evaton, 1984, South Africa",Evaton,Sedibeng District Municipality,Gauteng,1984,-26.5313514,27.8261361,True,false,True,09:00-18:00,09:00-18:00,09:00-18:00,09:00-18:00,09:00-18:00,09:00-17:00,09:00-14:00,
The Local Choice Pharmacy Cormed,Breezewood Trading 63,410137,818798,1213032,0169312578,cormed@thelocalchoice.co.za,"Pasteur Blvd, 5 Medquant Building, Vanderbijlpark C. W. 1, Vanderbijlpark, 1911, South Africa",Vanderbijlpark,Sedibeng District Municipality,Gauteng,1911,-26.7011085,27.8325485,True,false,False,08:00-19:00,08:00-19:00,08:00-19:00,08:00-19:00,08:00-19:00,08:00-13:00,10:00-13:00,
The Local Choice Pharmacy Docmed,Breezewood Trading 63,400391,654588,1170805,0161001100,docmed@thelocalchoice.co.za,"10 Hertz Blvd, Vanderbijlpark C. W. 1, Vanderbijlpark, 1911, South Africa",Vanderbijlpark,Sedibeng District Municipality,Gauteng,1911,-26.7009392,27.83285,True,false,False,08:00-17:00,08:00-17:00,08:00-17:00,08:00-17:00,08:00-17:00,Closed,Closed,
The Local Choice Pharmacy Botshilu,BOTSHILU HOSPITAL PHARMACY (PTY)LTD,441219,100014,0561797,0127987000,botshilu@thelocalchoice.co.za,"The Local Choice Pharmacy Botshilu, Buitenkant Street, Soshanguve - IA, Soshanguve, South Africa",Soshanguve - IA,Soshanguve,Gauteng,0152,-25.4806207,28.0949506,True,false,True,09:00-17:30,09:00-17:30,09:00-17:30,09:00-17:30,09:00-17:30,09:00-15:00,09:00-13:00,09:00-13:00
The Local Choice Pharmacy Glen Health,Hashem Investments (Pty) Ltd,411616,632114,0463779,0112970043,glenhealth@thelocalchoice.co.za,"The Local Choice Pharmacy Glen Health, Protea Boulevard, Protea Glen, Soweto, South Africa",Protea Glen,Soweto,Gauteng,1819,-26.27353,27.8047463,True,false,True,08:00-18:00,08:00-18:00,08:00-18:00,08:00-18:00,08:00-18:00,08:00-16:00,08:00-13:00,08:00-13:00
The Local Choice Pharmacy Rhandzani Freedom Park,Dumitswala General Trading cc,411911,114344,1131699,0100652611,freedompark@thelocalchoice.co.za,"The Local Choice Pharmacy Rhandzani Freedom Park, Foundry Street, Devland, Soweto, South Africa",Devland,Soweto,Gauteng,1811,-26.2824675,27.9339458,True,false,True,08:00-18:00,08:00-18:00,08:00-18:00,08:00-18:00,08:00-18:00,08:00-17:00,08:00-17:00,
The Local Choice Pharmacy Grootfontein,Tierpoort Pharmacy ,400650,567627,1164902,0714582726,grootfontein@thelocalchoice.co.za,"The Local Choice Pharmacy Grootfontein, Garsfontein Road, Tierpoort, South Africa",,Tierpoort,Gauteng,0042,-25.8964539,28.3900105,True,false,True,08:00-18:00,08:00-18:00,08:00-18:00,08:00-18:00,08:00-18:00,08:00-18:00,09:00-16:00,
The Local Choice Pharmacy Euro,Breezewood Trading 63 (Pty) Ltd,411149,749545,0450758,0164236946,euro@thelocalchoice.co.za,"The Local Choice Pharmacy Euro, Assegai Street, Three Rivers, Vereeniging, South Africa",Three Rivers,Vereeniging,Gauteng,1929,-26.656984,27.9608208,True,false,True,08:00-18:00,08:00-18:00,08:00-18:00,08:00-18:00,08:00-18:00,08:00-18:00,10:00-15:00,10:00-15:00
The Local Choice Pharmacy Medi-North,Medinorth Pharmacy Pty Ltd,410370,765343,0913847,0112731338,medinorth@thelocalchoice.co.za,"Cnr Paardekraal Dr & Viljoen St Shop 36, Key West Shopping Centre, Paardeplaats 177 IQ, Krugersdorp, 1739, South Africa",Krugersdorp,West Rand District Municipality,Gauteng,1739,-26.087973,27.781319,True,false,True,09:00-18:00,09:00-18:00,09:00-18:00,09:00-18:00,09:00-18:00,09:00-17:00,09:00-14:00,
The Local Choice Pharmacy Randgate,Randgate Apteek CC,400060,174428,6024149,0114123104,randgate@thelocalchoice.co.za,"38 Unie St, Randgate, Randfontein, 1759, South Africa",Randfontein,West Rand District Municipality,Gauteng,1759,-26.16938,27.68545,True,false,True,09:00-17:00,09:00-17:00,09:00-17:00,09:00-17:00,09:00-17:00,09:00-13:00,09:00-13:00,
The Local Choice Pharmacy Ballito,The Local Choice Pharmacy Ballito,100109,100109,1347675,0000000000,ballito@thelocalchoice.co.za,"10 Jack Powell Road, Ballito, South Africa",Ballito,Ballito,KwaZulu-Natal,4399,-29.5321298,31.2209923,False,False,True,,,,,,,,
The Local Choice Pharmacy Cornubia,Health Express Pty,400717,100048,1250442,083 473 2566,cornubia@thelocalchoice.co.za,"Food Lover's Village, Allamanda Road, Flanders, Blackburn, South Africa",Flanders,Blackburn,KwaZulu-Natal,4319,-29.7087145,31.0547417,False,false,True,09:00-18:00,09:00-18:00,09:00-18:00,09:00-18:00,09:00-18:00,09:00-17:00,09:00-17:00,09:00-17:00
The Local Choice Pharmacy Hyperpharm,Hyperpharm Raphia (Mtunzini) Pharmacy,410816,517353,0060348,0353402021,hyperpharm@thelocalchoice.co.za,"20 Hely Hutchinson Rd, Mtunzini, 3867, South Africa",Mtunzini,King Cetshwayo District Municipality,KwaZulu-Natal,3867,-28.95482669999999,31.75272829999999,True,false,False,08:00-18:00,08:00-18:00,08:00-18:00,08:00-18:00,08:00-18:00,08:00-14:00,10:00-12:00,10:00-12:00
The Local Choice Pharmacy People's Choice,Peoples Choice Pharmacy CC,411368,100023,0386693,0397272309,peopleschoice@thelocalchoice.co.za,"Shop 5, MTN Store - Kokstad, Rosewood Square, Groom Street, Kokstad, South Africa",,Kokstad,KwaZulu-Natal,4700,-30.5549796,29.4251721,True,false,True,08:00-19:00,08:00-19:00,08:00-19:00,08:00-19:00,08:00-19:00,08:00-16:00,09:00-16:00,09:00-16:00
The Local Choice Pharmacy Umndeni,Stressfree African Trade (PTY) LTD,411696,675292,1149571,0310155286,umndeni@thelocalchoice.co.za,"The Local Choice Pharmacy Umndeni, Nogwaja Street, KwaMashu Highway Open Space, KwaMashu, South Africa",KwaMashu Highway Open Space,KwaMashu,KwaZulu-Natal,4360,-29.725306,30.986583,False,false,True,09:00-17:00,09:00-17:00,09:00-17:00,09:00-17:00,09:00-17:00,09:00-16:00,09:00-15:00,
The Local Choice Pharmacy Themba Nkosi,Manguzi Pharmacy CC,400820,100056,0242330,066 143 6301,thembankosi@thelocalchoice.co.za,"Manguzi Medical Centre, Manguzi, South Africa",,Manguzi,KwaZulu-Natal,3973,-26.9919887,32.7482581,False,false,True,08:30-17:00,08:30-17:00,08:30-17:00,08:30-17:00,08:30-17:00,08:30-13:00,08:30-13:00,
The Local Choice Pharmacy Mbazwana Fountain,KS MONULAN (PTY) LTD,401030,100106,0996424,0763221735,mbazwana@thelocalchoice.co.za,"Mbazwana, 3974, South Africa",,Mbazwana,KwaZulu-Natal,3974,-27.4867318,32.5796734,True,False,True,,,,,,,,
The Local Choice Central Apteek & Pharma Kliniek,Aweh Marketing Pty Ltd,412102,100079,1218700,035 789 3910,central@thelocalchoice.co.za,"Penny Lane, Richards Bay Central, Richards Bay, South Africa",Richards Bay Central,Richards Bay,KwaZulu-Natal,3900,-28.753285,32.0495691,True,false,True,08:00-17:00,08:00-17:00,08:00-17:00,08:00-17:00,08:00-17:00,08:00-13:00,08:00-13:00,
The Local Choice Pharmacy Umdoni,MvanEck Consulting Pty Ltd,400950,100070,925551,013 665 1698,umdoni@thelocalchoice.co.za,"Scottburgh Medical Pavilion, Galway Street, Scottburgh, South Africa",,Scottburgh,KwaZulu-Natal,4180,-30.285482,30.7515842,True,false,True,08:00-17:00,08:00-17:00,08:00-17:00,08:00-17:00,08:00-17:00,08:00-13:00,09:00-12:00,09:00-12:00
The Local Choice Pharmacy Gracemed,Fox E Solutions,410256,762567,1213377,0393157770,gracemed@thelocalchoice.co.za,"Irene Rd, Shelly Beach, Margate, 4265, South Africa",Margate,Ugu District Municipality,KwaZulu-Natal,4265,-30.811361,30.408167,True,false,False,08:30-17:30,08:30-17:30,08:30-17:30,08:30-17:30,08:30-17:30,08:30-13:00,Closed,Closed
The Local Choice Pharmacy Youngs,Razia Razak CC,400220,798412,6080081,0393172661,youngs@thelocalchoice.co.za,"3 Wilkie Rd, Margate, 4275, South Africa",Margate,Ugu District Municipality,KwaZulu-Natal,4275,-30.85368189999999,30.3775008,True,false,False,08:30-17:30,08:30-17:30,08:30-17:30,08:30-17:30,08:30-17:30,08:30-13:30,Closed,
The Local Choice Pharmacy Umzimkhulu,NAPHAVILLE PROJECT SOLUTIONS (PTY)LTD,401010,100082,AWAITING,081 281 4615,umzimkhulu@thelocalchoice.co.za,"22 Courthouse Road, Umzimkulu, South Africa",Umzimkulu,Umzimkulu,KwaZulu-Natal,3297,-30.2610784,29.9378505,True,false,True,08:00-18:00,08:00-18:00,08:00-18:00,08:00-18:00,08:00-18:00,09:00-13:00,09:00-13:00,
The Local Choice Pharmacy Oaklands,Lalman and Sons Trading Pty Ltd,400695,100053,1262904,083 277 4265,oaklands@thelocalchoice.co.za,"54 Oaklands Drive, Oaklands, Verulam, South Africa",Oaklands,Verulam,KwaZulu-Natal,4339,-29.6439212,31.0280759,True,false,True,09:00-21:00,09:00-21:00,09:00-21:00,09:00-21:00,09:00-21:00,09:00-21:00,09:00-18:00,09:00-18:00
The Local Choice Pharmacy Winterton,Tugela Pharmacy (Pty) Ltd,400620,294946,1211757,0369400998,winterton@thelocalchoice.co.za,"The Local Choice Pharmacy Winterton, Cnr Union St &, Springfield Road, Winterton, South Africa",,Winterton,KwaZulu-Natal,3340,-28.8129175,29.5362499,True,false,True,08:00-17:00,08:00-17:00,08:00-17:00,08:00-17:00,08:00-17:00,08:00-13:00,06:00-06:00,08:00-13:00
The Local Choice Pharmacy Pongola,GLS Scott (Pty) Ltd,411695,715777,6042287,0344131266,plaza@thelocalchoie.co.za,"Shop 2, 38 Nuwe Republiek St, Pongola, 3170, South Africa",Pongola,Zululand District Municipality,KwaZulu-Natal,3170,-27.376679,31.612885,True,false,True,08:30-17:00,08:30-17:00,08:30-17:00,08:30-17:00,08:30-17:00,08:30-13:00,Closed,Closed
The Local Choice Pharmacy Remedia,HJVyncke & IH Klingenbrg CC,400078,442862,6047653,0349809511,remedia@thelocalchoice.co.za,"215 Utrecht St, Vryheid, 3100, South Africa",Vryheid,Zululand District Municipality,KwaZulu-Natal,3100,-27.765567,30.7946623,True,false,False,08:00-17:00,08:00-17:00,08:00-17:00,08:00-17:00,08:00-17:00,08:00-13:00,Closed,
The Local Choice Pharmacy Bridge City,Coastal Care Pharmacy (PTY) LTD,400175,823736,0880779,0315303059,bridgecity@thelocalchoice.co.za,"Cnr Nogwaja & Bhejane St Shop L88, Bridge City Shopping Centre, KwaMashu Highway Open Space, KwaMashu, 4359, South Africa",KwaMashu,eThekwini Metropolitan Municipality,KwaZulu-Natal,4359,-29.7266333,30.9868944,True,false,False,09:00-17:30,09:00-17:30,09:00-17:30,09:00-17:30,13:00-17:30,09:00-16:00,09:00-15:00,
The Local Choice Pharmacy City Gate,S Hansrot ,400223,895921,0152994,0315663992,citygate@thelocalchoice.co.za,"Palm Blvd Shop G068, Gateway Theatre of Shopping, Umhlanga Ridge, Umhlanga, 4319, South Africa",Umhlanga,eThekwini Metropolitan Municipality,KwaZulu-Natal,4319,-29.725992,31.065889,True,false,False,09:00-19:00,09:00-19:00,09:00-19:00,09:00-19:00,09:00-21:00,09:00-21:00,09:00-18:00,
The Local Choice Pharmacy Heritage,ARAX (PTY) LTD,410808,825489,0305928,0317658336,heritage@thelocalchoice.co.za,"9 Old Maid Rd Shop 14,Oxford Village, Hillcrest, Ethekwini, 3610, South Africa",Ethekwini,eThekwini Metropolitan Municipality,KwaZulu-Natal,3610,-29.789438,30.773176,True,false,True,08:00-17:00,08:00-17:00,08:00-17:00,08:00-17:00,08:00-17:00,08:00-14:00,Closed,
The Local Choice Pharmacy Hilltop,K2015298373 (SA) (Pty) Ltd,400155,373231,6076866,0315635781,hilltop@thelocalchoice.co.za,"183 Umhlanga Rocks Dr, Durban North, 4051, South Africa",Durban North,eThekwini Metropolitan Municipality,KwaZulu-Natal,4051,-29.7688574,31.03891699999999,True,false,False,09:00-18:00,09:00-18:00,09:00-18:00,09:00-18:00,09:00-18:00,09:00-14:00,10:00-13:00,
The Local Choice Pharmacy Intersite,Ivulekile Indlela Trading (Pty) Ltd,400170,174312,0739588,0312630040,intersite@thelocalchoice.co.za,"2 Ilala Ave Shop 215, Springfield Retail Centre, Umgeni Business Park, Durban, 4001, South Africa",Durban,eThekwini Metropolitan Municipality,KwaZulu-Natal,4001,-29.8103233,30.9898488,True,false,False,08:00-18:00,08:00-18:00,08:00-18:00,08:00-18:00,08:00-18:00,08:00-18:00,08:00-18:00,08:00-17:00
The Local Choice Pharmacy Mediquick,M`DG Sodalay t/a Mediquick Pharmacy,400215,748745,0526355,0312093456,mediquick@thelocalchoice.co.za,"339 Peter Mokaba Ridge, Musgrave, Berea, 4001, South Africa",Berea,eThekwini Metropolitan Municipality,KwaZulu-Natal,4001,-29.83937419999999,30.9969439,True,false,False,08:00-20:00,08:00-20:00,08:00-20:00,08:00-20:00,08:00-20:00,Closed,09:00-18:00,09:00-18:00
The Local Choice Pharmacy Pelican,Roderick Narain CC (CC1679),410043,982818,6064876,0314008110,pelican@thelocalchoice.co.za,"262 Lenny Naidu Dr, Bayview, Chatsworth, 4084, South Africa",Chatsworth,eThekwini Metropolitan Municipality,KwaZulu-Natal,4084,-29.9235013,30.9109261,True,false,False,09:30-20:00,09:30-20:00,09:30-20:00,09:30-20:00,09:30-20:00,10:00-17:00,10:00-13:00,
The Local Choice Pharmacy Pierau,L F Rautenbach CC,410402,674562,0035262,0319163112,pierau@thelocalchoice.co.za,"8A Murray Smith Rd, Winklespruit, Kingsburgh, 4126, South Africa",Kingsburgh,eThekwini Metropolitan Municipality,KwaZulu-Natal,4126,-30.0965594,30.8577442,True,false,False,08:00-19:00,08:00-19:00,08:00-19:00,08:00-19:00,08:00-19:00,08:00-18:00,09:00-18:00,
The Local Choice Pharmacy Pinelands,Pinelands Pharmacy,400165,652553,1103687,0317024850,pinelands@thelocalchoice.co.za,"Shop 27C, Caversham Rd, Pinelands, Pinetown, 3610, South Africa",Pinetown,eThekwini Metropolitan Municipality,KwaZulu-Natal,3610,-29.8277209,30.8542225,True,false,False,08:30-18:30,08:30-18:30,08:30-18:30,08:30-18:30,08:30-18:30,08:30-15:00,Closed,
The Local Choice Pharmacy Rinaldo,L Subramoney,400500,527387,1228374,0870588014,glenhills@thelocalchoice.co.za,"160 Rinaldo Rd Shop 7&10, Rinaldo Shopping Centre, Glen Hills, Durban, 4051, South Africa",Durban,eThekwini Metropolitan Municipality,KwaZulu-Natal,4051,-29.7614934,31.0373399,True,false,True,09:00-19:00,09:00-19:00,09:00-19:00,09:00-19:00,09:00-19:00,09:00-14:00,10:00-13:00,
The Local Choice Pharmacy Springmed,ZZJ Investments (Pty) Ltd,400126,797198,0226246,0315793030,springmed@thelocalchoice.co.za,"17 Palmfield Rd Shop 11, Springfield Park Centre, Umgeni Business Park, Durban, 4001, South Africa",Durban,eThekwini Metropolitan Municipality,KwaZulu-Natal,4001,-29.8055803,30.9983073,True,false,False,09:00-19:00,09:00-19:00,09:00-19:00,09:00-19:00,09:00-19:00,09:30-14:30,06:00-06:00,
The Local Choice Pharmacy Stonebridge,Stone Bridge Pharmacy,400305,218471,6068952,0315393263,stonebridge@thelocalchoice.co.za,"Shop 10, Shaik Centre, 1 Shortbridge Pl, Stonebridge, Phoenix, 4068, South Africa",Phoenix,eThekwini Metropolitan Municipality,KwaZulu-Natal,4068,-29.7208796,31.0181239,True,false,False,09:00-18:00,09:00-18:00,09:00-18:00,09:00-18:00,09:00-18:00,09:00-14:00,Closed,Closed
The Local Choice Pharmacy Maidstone Village,Kazwelonke Trading,400870,100052,1256688,032 880 0430,maidstonevillage@thelocalchoice.co.za,"shop 1, 760 Gopalall Hurbans Rd, Gandhi`s Hill, oThongathi, South Africa",Gandhi`s Hill,oThongathi,KwaZulu-Natal,4400,-29.55960889999999,31.12526149999999,False,false,True,09:00-18:00,09:00-18:00,09:00-18:00,09:00-18:00,09:00-18:00,08:00-14:00,08:00-14:00,08:00-14:00
The Local Choice Pharmacy Hilton Health,Hilton Health Pharmacy (Pty) Ltd,400075,873287,0639680,0333430884,hilton@thelocalchoice.co.za,"3 Monzali Dr, Hilton, Pietermaritzburg, 3245, South Africa",Pietermaritzburg,uMgungundlovu District Municipality,KwaZulu-Natal,3245,-29.5410926,30.3010162,True,false,False,08:00-18:00,08:00-18:00,08:00-18:00,08:00-18:00,08:00-18:00,08:00-13:00,09:00-13:00,
The Local Choice Pharmacy Medpharm,HW Cocksedge & S Horstmann CC,400073,352723,1186051,0333423390,medpharm@thelocalchoice.co.za,"Shop 18, 157 Victoria Rd, Pietermaritzburg, 3201, South Africa",Pietermaritzburg,uMgungundlovu District Municipality,KwaZulu-Natal,3201,-29.5973229,30.3708046,True,false,False,08:00-18:00,08:00-18:00,08:00-18:00,08:00-18:00,08:00-18:00,08:00-17:00,09:00-17:00,
The Local Choice Pharmacy Omega,Reggie Moodley CC,410069,868255,6039359,0333877701,omega@thelocalchoice.co.za,"604 Dr Chota Motala Rd, Raisethorpe, Pietermaritzburg, 3201, South Africa",Pietermaritzburg,uMgungundlovu District Municipality,KwaZulu-Natal,3201,-29.5622415,30.4080785,True,false,False,09:00-19:00,09:00-19:00,09:00-19:00,09:00-19:00,09:00-19:00,09:00-18:00,10:00-14:00,
The Local Choice Pharmacy Medi-Med,Kgoadimo Trading Enterprise,411207,343521,0480649,0150085048,medimed@thelocalchoice.co.za,"16 Blouberg Road, Thalahane, Limpopo, South Africa",,,Limpopo,,-23.1468587,28.9267378,True,false,True,08:00-17:00,08:00-17:00,08:00-17:00,08:00-17:00,08:00-17:00,08:00-15:00,08:00-15:00,08:00-13:00
The Local Choice Pharmacy Kuramed,Kuramed Buying Assocates CC,400381,921974,6080006,0155900479,kuramed@thelocalchoice.co.za,"697A University Rd Shop F2 Turfloop Plaza Mankweng, Mankweng-A, Mankweng, 0727, South Africa",Mankweng,Capricorn District Municipality,Limpopo,0727,-23.8869297,29.732964,True,false,True,08:00-18:00,08:00-18:00,08:00-18:00,08:00-18:00,08:00-18:00,08:00-15:00,08:00-14:00,
The Local Choice Pharmacy Lethabo Med,Kgoadimo Trading Enterprise,411145,543468,0339539,0150085047,lethabomed@thelocalchoice.co.za,"Shop 27, Bochum Plaza, Dendron Rd, Bochum-A, Bochum, 0790, South Africa",Bochum,Capricorn District Municipality,Limpopo,0790,-23.283814,29.136701,True,false,True,08:00-17:00,08:00-17:00,08:00-17:00,08:00-17:00,08:00-17:00,08:00-14:00,08:00-13:00,08:00-13:00
The Local Choice Pharmacy Hoedspruit,TLC Hoedspruit (Pty) Ltd,100111,100111,6035620,0157932318,hoedspruit@thelocalchoice.co.za,"The Hoedspruit Mall, Kudu Street, Hoedspruit, South Africa",Hoedspruit,Hoedspruit,Limpopo,1380,-24.3513889,30.9572222,True,False,True,,,,,,,,
The Local Choice Pharmacy Marius Bronn,Marius Bronn Apteek (Pty) Ltd,100110,100110,1062298,0155164223,mariusbronn@thelocalchoice.co.za,"96 Munnik Street, Louis Trichardt, South Africa",,Louis Trichardt,Limpopo,0920,-23.0396277,29.9057327,True,False,True,,,,,,,,
The Local Choice Pharmacy Marble Hall,Prime Select Deals Tradingf 15CC,410617,100034,1163426,0132611168,marblehall@thelocalchoice.co.za,"The Local Choice Pharmacy Marble Hall, Government Square, Letswalo Street, Marble Hall, South Africa",,Marble Hall,Limpopo,0450,-24.9688733,29.2957188,True,false,True,08:00-17:00,08:00-17:00,08:00-17:00,08:00-17:00,08:00-17:00,08:00-13:00,10:00-11:00,10:00-11:00
The Local Choice Pharmacy Farmakon,Farmabond Pty Ltd,411343,100074,6049052,015 491 5337,farmakon@thelocalchoice.co.za,"Mokopane Mall, Thabo Mbeki Drive, Mokopane, South Africa",Mokopane,Mokopane,Limpopo,0600,-24.1878611,29.0129295,False,false,True,08:00-17:00,08:00-17:00,08:00-17:00,08:00-17:00,08:00-17:00,08:00-13:00,08:00-13:00,08:00-13:00
The Local Choice Pharmacy Mahwelereng,Mahwelereng Corner Pharmacy,401110,100104,AWAITING,0000000000,mahwelereng@thelocalchoice.co.za,"44 Dudu Madisha Drive, Mokopane, Limpopo, South Africa",Mokopane,Mokopane,Limpopo,0601,-24.1750695,29.0022669,True,False,True,,,,,,,,
The Local Choice Pharmacy Muldok,Farmabond Pty Ltd,411337,100075,6031838,015 491 4711,muldok@thelocalchoice.co.za,"Ruiterweg Clinic, Mokopane, South Africa",,Mokopane,Limpopo,0601,-24.1834873,29.0097611,False,false,True,08:00-17:00,08:00-17:00,08:00-17:00,08:00-17:00,08:00-17:00,08:00-13:00,08:00-13:00,08:00-13:00
The Local Choice Pharmacy Potgietersrus,Farmabond Pty Ltd,AWAITING,100076,6022030,015 491 3165,potgietersrus@thelocalchoice.co.za,"75 Thabo Mbeki Drive, Mokopane, South Africa",Mokopane,Mokopane,Limpopo,0601,-24.1844944,29.0123075,False,false,True,08:00-19:00,08:00-19:00,08:00-19:00,08:00-19:00,08:00-19:00,10:00-12:30,10:00-12:30,10:00-12:30
The Local Choice Pharmacy Watts,Farmabond Pty Ltd,411141,100077,6037445,015 491 2108,watts@thelocalchoice.co.za,"The Crossing - Mokopane, Retief Street, Mokopane, South Africa",Mokopane,Mokopane,Limpopo,0601,-24.1828075,29.0141885,False,false,True,08:00-17:00,08:00-17:00,08:00-17:00,08:00-17:00,08:00-17:00,08:00-13:00,08:00-13:00,08:00-13:00
The Local Choice Pharmacy Lulekani,Bokamoso Group Holdings & Trading,411278,981343,1105841,0719387579,lulekani@thelocalchoice.co.za,"Chris Hani Rd, Lulekani-B, Phalaborwa, 1392, South Africa",Phalaborwa,Mopani District Municipality,Limpopo,1392,-23.8637365,31.0836642,True,false,True,08:00-18:00,08:00-18:00,08:00-18:00,08:00-18:00,08:00-18:00,08:30-14:00,06:00-06:00,09:00-13:00
The Local Choice Pharmacy Marulani,Bokamoso Group Holdings & Trading,411395,494786,0759376,0157810087,marulani@thelocalchoice.co.za,"24 Palm St, Phalaborwa, 1390, South Africa",Phalaborwa,Mopani District Municipality,Limpopo,1390,-23.94773,31.1362687,True,false,True,08:00-18:00,08:00-18:00,08:00-18:00,08:00-18:00,08:00-18:00,08:30-15:00,09:00-14:00,09:00-14:00
The Local Choice Pharmacy Namakgale,Bokamoso Group Holdings & Trading,411396,692226,0987379,0157691045,namakgale@thelocalchoice.co.za,"1391 Calvin Ngobeni Dr, Namakgale-A, Phalaborwa, 1391, South Africa",Phalaborwa,Mopani District Municipality,Limpopo,1391,-23.9380369,31.0304159,True,false,True,08:00-18:00,08:00-18:00,08:00-18:00,08:00-18:00,08:00-18:00,08:30-15:00,09:00-14:00,09:00-14:00
The Local Choice Pharmacy Shirinda,Tivani & Bongani Health Services CC,400137,734479,0363529,0158121450,shirinda@thelocalchoice.co.za,"Shop 20, Masingita Plaza, Giyani Main Rd, Giyani-BA, Giyani, 0826, South Africa",Giyani,Mopani District Municipality,Limpopo,0826,-23.3067204,30.6867309,True,false,False,08:00-18:00,08:00-18:00,08:00-18:00,08:00-18:00,08:00-18:00,08:00-18:00,08:00-15:30,
The Local Choice Pharmacy City-Med,Mokyoadipa Trading ,411140,100072,0091723,015 297 0088,citymed@thelocalchoice.co.za,"18 Jorissen Street, Polokwane Central, Polokwane, Limpopo, South Africa",Polokwane Central,Polokwane,Limpopo,0699,-23.90683,29.45155,True,false,True,07:00-18:00,07:00-18:00,07:00-18:00,07:00-18:00,07:00-18:00,07:00-17:00,08:00-14:00,
The Local Choice Pharmacy Tzaneng,Elizabeth Prinsloo T/A Tzaneng Apteek,412320,100068,6082483,015 307 4177,tzaneng@thelocalchoice.co.za,"45 Boundary Street, Arbor Park, Tzaneen, South Africa",Arbor Park,Tzaneen,Limpopo,0850,-23.8283068,30.1554305,True,false,True,07:15-17:30,07:15-17:30,07:15-17:30,07:15-17:30,07:15-17:30,08:00-13:00,08:00-13:00,08:00-13:00
The Local Choice Pharmacy Cheers,Khanimamba Trading CC,400190,816647,0666947,0147844683,cheers@thelocalchoice.co.za,"Shop 11, Plaza, Swartklip Rd, Northam, 0360, South Africa",Northam,Waterberg District Municipality,Limpopo,0360,-24.9566912,27.2590783,True,false,True,09:00-18:00,09:00-18:00,09:00-18:00,09:00-18:00,09:00-18:00,09:00-15:00,09:00-13:00,
The Local Choice Pharmacy Mookgophong,Local Choice Apteek Naboomspruit,400421,526576,0957755,0148800219,mookgophong@thelocalchoice.co.za,"70 Thabo Mbeki St, Mookgopong, 0560, South Africa",Mookgopong,Waterberg District Municipality,Limpopo,0560,-24.518859,28.714557,True,false,False,08:00-17:30,08:00-17:30,08:00-17:30,08:00-17:30,08:00-17:30,08:00-13:00,06:00-06:00,
The Local Choice Pharmacy Northam,F J De Wit (Pty) Ltd  ,400540,525651,,0147840148,northam@thelocalchoice.co.za,"21 Botha Rd, Northam, 0360, South Africa",Northam,Waterberg District Municipality,Limpopo,0360,-24.9595606,27.2619164,True,false,True,09:00-16:45,09:00-16:45,09:00-16:45,09:00-16:45,09:00-16:45,09:00-12:30,Closed,Closed
The Local Choice Pharmacy Thabazimbi,The Local Choice Thabazimbi (PTY) LTD,400510,197626,1058274,0141610336,thabazimbi@thelocalchoice.co.za,"R511 & R510, South Africa",Bela-Bela,Waterberg District Municipality,Limpopo,,-24.8611036,27.4980978,True,false,True,08:30-18:00,08:30-18:00,08:30-18:00,08:30-18:00,08:30-18:00,08:30-13:00,10:00-12:30,10:00-12:00
The Local Choice Pharmacy Ekhaya,The Local Choice Pharmacy Ekhaya (Pty) Ltd,400680,599695,1039717,0171100344,ekhaya@thelocalchoice.co.za,"The Local Choice Pharmacy Ekhaya Mall, Ekhaya Mall, Embalenhle Road, Embalenhle, South Africa",Embalenhle,,Mpumalanga,2285,-26.523801,29.095703,True,false,True,09:00-18:00,09:00-18:00,09:00-18:00,09:00-18:00,09:00-18:00,09:00-14:00,06:00-06:00,06:00-06:00
The Local Choice Pharmacy Belfast,SC van Biljon CC,400052,276611,6012329,0132531241,vanbiljon@thelocalchoice.co.za,"The Local Choice Pharmacy Belfast, Fitzgerald Street, Belfast, South Africa",,Belfast,Mpumalanga,1100,-25.6948897,30.0411962,True,false,True,08:00-17:00,08:00-17:00,08:00-17:00,08:00-17:00,08:00-17:00,08:00-13:00,06:00-06:00,
The Local Choice Pharmacy Mediese Sentrum,PHARMFAM (PTY) LTD,400657,100011,1223496,0176475315,mediesesentrum@thelocalchoice.co.za,"The Local Choice Pharmacy Mediese Sentrum, Clerq Street, Bethal, South Africa",,Bethal,Mpumalanga,2309,-26.4566214,29.4648384,True,false,True,08:30-17:30,08:30-17:30,08:30-17:30,08:30-17:30,08:30-17:30,08:30-13:30,,
The Local Choice Pharmacy CJ Williams,A C Amod Carrim CC,400010,425851,6013384,0136652281,cjwilliams@thelocalchoice.co.za,"The Local Choice Pharmacy C.J. Williams, Sarel Cilliers Street, Delmas, South Africa",,Delmas,Mpumalanga,2210,-26.1507596,28.6847715,True,false,True,08:00-19:00,08:00-19:00,08:00-19:00,08:00-19:00,08:00-19:00,08:00-15:00,09:00-13:00,
The Local Choice Pharmacy Eksteen,The Local Choice Eksteen,400017,795895,6012272,0137122181,eksteen@thelocalchoice.co.za,"86 Crown St, Barberton, 1300, South Africa",Barberton,Ehlanzeni District Municipality,Mpumalanga,1300,-25.7907097,31.0546694,True,false,False,08:00-17:15,08:00-17:15,08:00-17:15,08:00-17:15,08:00-17:15,08:00-13:00,11:00-12:00,11:00-12:00
The Local Choice Pharmacy Hazyview,L K Schuld CC,400067,828714,0571555,0137377042,hazyview@thelocalchoice.co.za,"Cnr R40 &, Portia Shabangu Dr, Hazyview, 1242, South Africa",Hazyview,Ehlanzeni District Municipality,Mpumalanga,1242,-25.0410163,31.1294903,True,false,False,09:00-18:00,09:00-18:00,09:00-18:00,09:00-18:00,09:00-18:00,09:00-14:00,09:00-13:00,
The Local Choice Pharmacy Lydenburg,E N van der Merwe CC,400191,165643,384119,0132352321,lydenburg@thelocalchoice.co.za,"56 Kantoor St, Lydenburg, 1120, South Africa",Lydenburg,Ehlanzeni District Municipality,Mpumalanga,1120,-25.0935055,30.451482,True,false,False,08:00-17:30,08:00-17:30,08:00-17:30,08:00-17:30,08:00-17:30,08:00-13:00,10:30-12:00,
The Local Choice Pharmacy Mahumani,Pure Pharmacy Retail (PTY) LTD,400480,926914,1187082,0105411782,mahumani@thelocalchoice.co.za,"Hazyview, 1242, South Africa",Hazyview,Ehlanzeni District Municipality,Mpumalanga,1242,-25.0440973,31.1308355,True,false,False,08:00-18:30,08:00-18:30,08:00-18:30,08:00-18:30,08:00-18:30,08:00-18:30,08:00-15:30,
The Local Choice Pharmacy Russell's,"Russells, Meyer & Malan",410243,127948,0377503,0137522101,russells@thelocalchoice.co.za,"33 Samora Machel Dr Promenade Shopping Centre, Nelspruit Central, Mbombela, 1201, South Africa",Mbombela,Ehlanzeni District Municipality,Mpumalanga,1201,-25.4698082,30.9798059,True,false,False,08:00-18:00,08:00-18:00,08:00-18:00,08:00-18:00,08:00-18:00,08:00-14:00,Closed,
The Local Choice Pharmacy Tonga Mall,Kabelo Holdings Pty Ltd,400227,716414,0498823,0137800003,tonga@thelocalchoice.co.za,"Cnr D797 & Tonga St Shop 46, Tonga Mall, Mashekesheni, Tonga, 1224, South Africa",Tonga,Ehlanzeni District Municipality,Mpumalanga,1224,-25.686391,31.781954,True,false,True,08:30-17:30,08:30-17:30,08:30-17:30,08:30-17:30,08:30-17:30,08:30-15:00,09:00-14:00,09:00-15:00
The Local Choice Pharmacy Village,Village Pharmacy,410244,568929,6080103,0137524680,village@thelocalchoice.co.za,"Cnr Marloth & Ehmke St The Village Shopping Centre, Mbombela, 1201, South Africa",Mbombela,Ehlanzeni District Municipality,Mpumalanga,1201,-25.480006,30.98679509999999,True,false,True,07:00-18:00,07:00-18:00,07:00-18:00,07:00-18:00,07:00-18:00,Closed,09:00-12:00,
The Local Choice Pharmacy Kinross,The Local Choice Pharmacy Kinross Pty Ltd,400981,100080,6020534,017 687 1147,kinross@thelocalchoice.co.za,"6 Main Rd, Evander, South Africa",,Evander,Mpumalanga,2270,-26.4186818,29.0917744,True,false,True,08:00-17:30,08:00-17:30,08:00-17:30,08:00-17:30,08:00-17:30,08:30-13:00,,
The Local Choice Pharmacy Cosmos,Bethal Apteek,400093,614829,0320773,0176473444,cosmos@thelocalchoice.co.za,"54 Chris Hani St, Bethal, 2309, South Africa",Bethal,Gert Sibande District Municipality,Mpumalanga,2309,-26.4560315,29.4640037,True,false,False,08:30-17:30,08:30-17:30,08:30-17:30,08:30-17:30,08:30-17:30,08:30-13:30,11:00-12:00,
The Local Choice Pharmacy Evander,Evander Pharmacy (Pty) Ltd,400056,458577,6020526,0176322261,evander@thelocalchoice.co.za,"Bologna Rd Shoprite Checkers Centre, Evander, 2280, South Africa",Evander,Gert Sibande District Municipality,Mpumalanga,2280,-26.47067,29.1097328,True,false,False,08:30-18:00,08:30-18:00,08:30-18:00,08:30-18:00,08:30-18:00,08:30-15:00,Closed,
The Local Choice Pharmacy Medico,Medico Pharmacy,400037,175834,1199013,0176346364,medico@thelocalchoice.co.za,"Redige Plaza, Protea St, Secunda, 2302, South Africa",Secunda,Gert Sibande District Municipality,Mpumalanga,2302,-26.5107762,29.2174472,True,false,True,08:30-19:00,08:30-19:00,08:30-19:00,08:30-19:00,08:30-19:00,17:00-19:00,17:00-19:00,
The Local Choice Pharmacy Melrow,Melrow Pharmacy (Edms) Bpk,400039,335979,6013643,0178112641,melrow@thelocalchoice.co.za,"24 De Clercq St, Ermelo, 2351, South Africa",Ermelo,Gert Sibande District Municipality,Mpumalanga,2351,-26.522678,29.9879615,True,false,False,08:30-18:00,08:30-18:00,08:30-18:00,08:30-18:00,08:30-18:00,08:30-13:30,11:30-12:30,
The Local Choice Pharmacy Protea Medi-Wise,H W Alberts CC,400048,746146,0266922,0176347609,protea@thelocalchoice.co.za,"Horwood St Shop 4, Secunda Medical Centre, Secunda, 2302, South Africa",Secunda,Gert Sibande District Municipality,Mpumalanga,2302,-26.5058438,29.18432,True,false,False,08:00-17:30,08:00-17:30,08:00-17:30,08:00-17:30,08:00-17:30,08:00-13:00,Closed,
The Local Choice Pharmacy Trichardt,Trichardt Pharmacy (PTY) LTD,400495,148886,1127365,0176381113,trichardt@thelocalchoice.co.za,"47 Grove St, Trichardt, 2302, South Africa",Trichardt,Gert Sibande District Municipality,Mpumalanga,2302,-26.4914062,29.2318192,True,false,True,08:30-17:30,08:30-17:30,08:30-17:30,08:30-17:30,08:30-17:30,08:00-13:00,Closed,
The Local Choice Pharmacy Uys,The Local Choice Uys Pharmacy,410415,398814,0874981,0172002124,uys@localchoice.co.za,"37B Voortrekker St, Carolina, 1185, South Africa",Carolina,Gert Sibande District Municipality,Mpumalanga,1185,-26.0706197,30.1165496,True,false,False,08:00-18:00,08:00-18:00,08:00-18:00,08:00-18:00,08:00-18:00,08:00-13:00,10:00-12:00,
The Local Choice Pharmacy Komati,J D B Myburg CC,400031,457278,6061540,0137937235,komati@thelocalchoice.co.za,"The Local Choice Pharmacy Komati, Rissik Street, Komatipoort, South Africa",,Komatipoort,Mpumalanga,1340,-25.4377699,31.96141609999999,True,false,True,08:30-17:00,08:30-17:00,08:30-17:00,08:30-17:00,08:30-17:00,08:30-13:00,10:30-11:30,
The Local Choice Pharmacy Kwagga,Moloto Road Pharmacy CC,400669,100017,1193546,0121104244,kwagga@thelocalchoice.co.za,"Kwagga Mall, Kalushi Street, Kwaggafontein-A, Kwaggafontein, South Africa",Kwaggafontein-A,Kwaggafontein,Mpumalanga,0458,-25.31210799999999,28.9400672,True,false,True,09:00-18:00,09:00-18:00,09:00-18:00,09:00-18:00,09:00-18:00,09:00-17:00,09:00-14:00,
The Local Choice Pharmacy Dayizenza,VSJB General Trading,400811,100050,0938831,013 591 2592,dayizenza@thelocalchoice.co.za,"Pharmacy at SPAR Dayizenza, Mtimba Farm, Mahushu, South Africa",,Mahushu,Mpumalanga,1253,-25.1456253,31.127137,True,false,True,08:00-18:00,08:00-18:00,08:00-18:00,08:00-18:00,08:00-18:00,08:00-16:00,08:00-15:00,08:00-15:00
The Local Choice Pharmacy Our Village Moms,Our Village Pharmacy Pty Ltd,411605,100096,0318329,0132430485,ourvillagemoms@thelocalchoice.co.za,"44 Viljoen Street, Middelburg, South Africa",,Middelburg,Mpumalanga,1055,-25.7700269,29.4608411,True,False,True,,,,,,,,
The Local Choice Veronica Pharmacy,Ntebza General Trading and Projects,400880,100066,1266101,013 312 0279,veronica@thelocalchoice.co.za,"@ Retail City Middelburg, Dolerite Crescent, Aerorand, Middelburg, South Africa",Aerorand,Middelburg,Mpumalanga,1050,-25.8091009,29.45873699999999,True,false,True,08:00-20:00,08:00-20:00,08:00-20:00,08:00-20:00,08:00-20:00,08:00-17:00,08:00-15:00,
The Local Choice Pharmacy Bosbok,TLC Bosbok Pharmacy,400892,100067,6034535,087 821 3613,bosbok@thelocalchoice.co.za,"243 Steyn Street, Morgenzon, South Africa",,Morgenzon,Mpumalanga,2315,-26.7322193,29.6158785,False,false,True,08:00-18:00,08:00-18:00,08:00-18:00,08:00-18:00,08:00-18:00,08:00-13:00,08:00-13:00,08:00-13:00
The Local Choice Pharmacy Khanyisa,Moloto Road Pharmacy CC,400455,959655,0569690,0132850379,khanyisa@thelocalchoice.co.za,"R573 Moloto Rd Stand 15, Vezubuhle Village, KwaMhlanga, 1022, South Africa",KwaMhlanga,Nkangala District Municipality,Mpumalanga,1022,-25.4010974,28.7727262,True,false,True,08:00-18:00,08:00-18:00,08:00-18:00,08:00-18:00,08:00-18:00,08:00-17:00,09:00-14:00,
The Local Choice Pharmacy Medi-Chem,Distant Star Trading CC,400160,123696,0201766,0131500015,medichem@thelocalchoice.co.za,"Cnr OR Tambo Rd & Beatty Ave Room 109, Centre De La Vie, Witbank, Emalahleni, 1035, South Africa",Emalahleni,Nkangala District Municipality,Mpumalanga,1035,-25.8839311,29.2314582,True,false,True,08:00-17:00,08:00-17:00,08:00-17:00,08:00-17:00,08:00-17:00,08:00-12:00,10:30-12:00,
The Local Choice Pharmacy Medi-Kriel,The Local Choice Medi-Kriel (Pty) Ltd,400546,747375,6048935,0716482282,medikriel@thelocalchoice.co.za,"Kriel, South Africa",Kriel,Nkangala District Municipality,Mpumalanga,0084,-25.7311808,28.224885,True,false,True,08:30-17:00,08:30-17:00,08:30-17:00,08:30-17:00,08:30-17:00,08:30-13:00,Closed,Closed
The Local Choice Pharmacy Moloto Road,Moloto Road Pharmacy CC,400161,542754,0341533,0139478406,molotoroad@thelocalchoice.co.za,"R568 Shop 30A, Crossroads Plaza, Lithuli Village, KwaMhlanga, 1022, South Africa",KwaMhlanga,Nkangala District Municipality,Mpumalanga,1022,-25.3994613,28.7218693,True,false,True,08:00-18:00,08:00-18:00,08:00-18:00,08:00-18:00,08:00-18:00,08:00-17:00,09:00-14:00,
The Local Choice Pharmacy Moms Dagbreek,Barnes Bothma and Erasmus,400145,373552,1168509,0132432244,momsdagbreek@thelocalchoice.co.za,"9 Or Tambo St, Middelburg, 1055, South Africa",Middelburg,Nkangala District Municipality,Mpumalanga,1055,-25.7666767,29.4562024,True,false,True,08:00-20:00,08:00-20:00,08:00-20:00,08:00-20:00,08:00-20:00,17:00-20:00,17:00-20:00,
The Local Choice Pharmacy Moms Olifants,E Snyman BK,400230,186465,1166646,0132825817,momsolifants@thelocalchoice.co.za,"Walter Sisulu St Wonderpark Sentrum, Middelburg, 1055, South Africa",Middelburg,Nkangala District Municipality,Mpumalanga,1055,-25.7619465,29.4556731,True,false,True,08:30-18:00,08:30-18:00,08:30-18:00,08:30-18:00,08:30-18:00,08:30-13:00,09:00-12:00,
The Local Choice Pharmacy Moms Witbank,Barnes Bothma and Erasmus,400140,914777,6065562,0136971555,momswitbank@thelocalchoice.co.za,"Shop 3, Highveld Centre, Watermeyer St, Witbank, Emalahleni, 1034, South Africa",Emalahleni,Nkangala District Municipality,Mpumalanga,1034,-25.8998568,29.2335888,True,false,True,08:30-20:00,08:30-20:00,08:30-20:00,08:30-20:00,08:30-20:00,17:00-20:00,17:00-20:00,
The Local Choice Pharmacy Siyabuswa,Moloto Road Pharmacy CC,400467,545424,1017497,0139731416,siyabuswa@localchoice.co.za,"Bongimfundo St Shop 17, Siyabuswa Shopping Centre, Siyabuswa-D, Siyabuswa, 0472, South Africa",Siyabuswa,Nkangala District Municipality,Mpumalanga,0472,-25.1312869,29.0403204,True,false,True,08:00-18:00,08:00-18:00,08:00-18:00,08:00-18:00,08:00-18:00,08:00-17:00,09:00-14:00,
The Local Choice Pharmacy Driefontein,Driefontein Pharmacy (PTY) LTD,400590,100002,1178164,0178800445,driefontein@thelocalchoice.co.za,"29 Pieter Wenning Street, Secunda, 2302, South Africa",Secunda,Secunda,Mpumalanga,2302,-26.5216006,29.2050517,True,false,True,08:30-19:00,08:30-19:00,08:30-19:00,08:30-19:00,08:30-19:00,08:00-13:00,11:00-13:00,11:00-13:00
The Local Choice Pharmacy Whiteriver,VSJB General Trading,400580,634211,1139924,0137490692,whiteriver@thelocalchoice.co.za,"The Local Choice Pharmacy White River, William Lynn Street, White River, South Africa",,White River,Mpumalanga,1240,-25.326565,31.0211667,True,false,True,08:00-18:00,08:00-18:00,08:00-18:00,08:00-18:00,08:00-18:00,08:00-16:00,09:00-14:00,
The Local Choice Pharmacy Delmed,Karl Schmist CC,Awaiting,100097,0357448,0136927028,delmed@thelocalchoice.co.za,"Rubicon Medical Centre, 33 Geringer Street, Del Judor, Witbank, South Africa",Del Judor,eMalahleni,Mpumalanga,1035,-25.87968,29.23662,True,False,True,08:00-18:00,08:00-18:00,08:00-18:00,08:00-18:00,08:00-18:00,08:00-12:00,:-----:,
The Local Choice Pharmacy EPH,EPH Pharmacy Pty Ltd,411562,100059,1265016,013 655 3043,eph@thelocalchoice.co.za,"39 Mandela Street, eMalahleni, 1035, South Africa",eMalahleni,eMalahleni,Mpumalanga,1034,-25.874942,29.2162319,True,false,True,,,,,,,,
The Local Choice Pharmacy Black Mode,M Agathagelou (Pty) Ltd,400090,699994,0042242,0145925071,blackmode@thelocalchoice.co.za,"20 Fatima Bhayat St, Rustenburg, 2999, South Africa",Rustenburg,Bojanala,North West,2999,-25.664683,27.2385377,True,false,True,08:30-17:30,08:30-17:30,08:30-17:30,08:30-17:30,08:30-17:30,08:30-13:15,Closed,
The Local Choice Pharmacy Cornerstone,TLC Cornerstone,400585,342247,1131680,0140040140,cornerstone@thelocalchoice.co.za,"Augrabies Ave &, Cornerstone Lifestyle Centre, Faisal Mafa Dr, Cashan, Rustenburg, 0299, South Africa",Rustenburg,Bojanala Platinum District Municipality,North West,0299,-25.70477,27.25385,True,false,True,08:00-19:00,08:00-19:00,08:00-19:00,08:00-19:00,08:00-19:00,08:00-17:00,08:00-17:00,08:00-17:00
The Local Choice Pharmacy Mountain View,TLC Mountainview Pharmacy (pty) ltd,400511,864299,1064118,0140000221,mountainview@thelocalchoice.co.za,"Cnr Line Rd &, Shop 2, Wall St, Rustenburg Rural, Rustenburg, 0299, South Africa",Rustenburg,Bojanala Platinum District Municipality,North West,0299,-25.691504,27.256848,True,false,False,08:00-20:00,08:00-20:00,08:00-20:00,08:00-20:00,08:00-20:00,08:00-20:00,08:00-20:00,08:00-20:00
The Local Choice Pharmacy Platinum,Navkar Trading & Distribution (Pty) Ltd,400270,479442,0876763,0145571946,platinum@thelocalchoice.co.za,"R556 Shop 22, Entertainment Centre, Sun City Resort, Sun City, 0299, South Africa",Sun City,Bojanala Platinum District Municipality,North West,0299,-25.3473763,27.099997,True,false,False,09:00-21:00,09:00-21:00,09:00-21:00,09:00-21:00,09:00-22:00,09:00-22:00,09:00-21:00,
The Local Choice Pharmacy Tuine,De Wit & Beetge BK,400187,824867,6071279,0145333392,tuine@thelocalchoice.co.za,"Safari Complex, Arend Rd, Rustenburg, 0299, South Africa",Rustenburg,Bojanala Platinum District Municipality,North West,0299,-25.6941615,27.2245839,True,false,False,09:00-18:00,09:00-18:00,09:00-18:00,09:00-18:00,09:00-18:00,08:30-13:00,10:00-12:00,
The Local Choice Pharmacy Alfa,Malihlume Group (Pty) Ltd,412064,100016,1193171,0122524548,alfa@thelocalchoice.co.za,"Edelweiss-Building, Kerk Street, Brits, South Africa",Brits,Brits,North West,0250,-25.6338884,27.7821574,True,false,True,08:00-17:30,08:00-17:30,08:00-17:30,08:00-17:30,08:00-17:30,08:00-13:00,08:00-13:00,09:00-12:00
The Local Choice Pharmacy Bult,Startpro (PTY) LTD,410768,778173,1124919,0181750080,bult@thelocalchoice.co.za,"Cnr Steve Biko &, shop 3, Groen Akker Centre, Chief Albert Luthuli Dr, Potchefstroom, 2531, South Africa",Potchefstroom,Dr Kenneth Kaunda District Municipality,North West,2531,-26.6999004,27.0947185,True,false,True,08:00-18:00,08:00-18:00,08:00-18:00,08:00-18:00,08:00-18:00,08:00-14:00,06:00-06:00,
The Local Choice Pharmacy Eras,Eras Pharmacy,00000,100108,6073182,0000000000,eras@thelocalchoice.co.za,"30 Nelson Mandela Dr, Golf View, Mahikeng, North West, South Africa",Golf View,Mahikeng,North West,2745,-25.8604301,25.6446203,False,False,True,,,,,,,,
The Local Choice Pharmacy Geelhout Park,A en EM Cloete Trading,411940,479543,0276111,0145334444,geelhoutpark@thelocalchoice.co.za,"The Local Choice Pharmacy Geelhoutpark, Klopper Street, Protea Park, Rustenburg, South Africa",Protea Park,Rustenburg,North West,2999,-25.6795544,27.2161469,False,false,True,08:00-18:00,08:00-18:00,08:00-18:00,08:00-18:00,08:00-18:00,08:00-13:00,09:00-12:00,
The Local Choice Pharmacy Lifestyle,TLC Lifestyle Pharmacy,400710,100025,1210572,0140040421,lifestyle@thelocalchoice.co.za,"LIFESTYLE SQUARE, Beyers Naude Drive, Rustenburg, South Africa",,Rustenburg,North West,2999,-25.67645869999999,27.2375388,True,false,True,08:00-20:00,08:00-20:00,08:00-20:00,08:00-20:00,08:00-20:00,08:00-20:00,08:00-20:00,08:00-20:00
The Local Choice Pharmacy Stilfontein,TLC Stilfontein Pty Ltd,400960,100071,1277669,018 007 5006,stilfontein@thelocalchoice.co.za,"Scott Square, and, Scott Crescent, Stilfontein, South Africa",,Stilfontein,North West,2551,-26.8472676,26.7457944,True,false,True,09:00-18:00,09:00-18:00,09:00-18:00,09:00-18:00,09:00-18:00,09:00-14:00,09:00-13:00,09:00-13:00
The Local Choice Pharmacy Ventersdorp,Van Tonder Apteek,400755,100044,1087967,079 273 2758,ventersdorp@thelocalchoice.co.za,"26 Van Riebeeck Street, Ventersdorp, South Africa",Ventersdorp,Ventersdorp,North West,2710,-26.3201816,26.8167866,True,false,True,07:00-19:00,07:00-19:00,07:00-19:00,07:00-19:00,07:00-19:00,07:00-17:00,09:00-13:00,
The Local Choice Pharmacy Vryburg,Q P Campbell,410305,433381,6068146,0539270281,vryburg@thelocalchoice.co.za,"The Local Choice Pharmacy Vryburg, De Kock Street, Vryburg, South Africa",,Vryburg,North West,8601,-26.959401,24.7272252,True,false,True,08:00-18:00,08:00-18:00,08:00-18:00,08:00-18:00,08:00-18:00,08:00-13:00,10:00-12:00,
The Local Choice Pharmacy Wollies,Wollies Apteek (PTY) LTD,400360,188613,0386294,0185962106,wollies@thelocalchoice.co.za,"The Local Choice Pharmacy Wollies, Borman Street, Wolmaranstad, Wolmaransstad, South Africa",Wolmaranstad,Wolmaransstad,North West,2630,-27.2017043,25.9843255,True,false,True,08:00-17:00,08:00-17:00,08:00-17:00,08:00-17:00,08:00-17:00,08:00-13:00,10:30-12:00,
The Local Choice Pharmacy Douglas,Douglas Apteek Pty Ltd,412280,100045,6073166,053 298 1820,douglas@thelocalchoice.co.za,"17 Barkly St, Douglas, 8730, South Africa",,Douglas,Northern Cape,8730,-29.05154679999999,23.7741249,False,false,True,08:00-17:00,08:00-17:00,08:00-17:00,08:00-17:00,08:00-17:00,08:00-13:00,08:00-13:00,08:00-13:00
The Local Choice Pharmacy Groblershoop,Groblershoop Apteek Pty Ltd,411489,100041,1049224,054 065 0024,groblershoop@thelocalchoice.co.za,"Shoprite LiquorShop Groblershoop, Kerk Street, Groblershoop, Northern Cape, South Africa",,Groblershoop,Northern Cape,8850,-28.89664,21.98517,False,false,True,09:00-13:00,09:00-13:00,09:00-13:00,09:00-13:00,09:00-13:00,09:00-13:00,,
The Local Choice Pharmacy Dinuwi,P G M Eiendomme (Pty) Ltd,400255,391691,0837016,0531500999,dinuwi@thelocalchoice.co.za,"c/o Rooisand street &, Frikkie Meyer St, Rooisand, Kathu, 8446, South Africa",Kathu,John Taolo Gaetsewe District Municipality,Northern Cape,8446,-27.692016,23.067151,True,false,False,09:00-19:00,09:00-19:00,09:00-19:00,09:00-19:00,09:00-19:00,08:30-13:30,10:00-13:00,
The Local Choice Pharmacy Kathu,Educated Risk Investments 172 CC,400091,846519,0222623,0537231101,kathu@thelocalchoice.co.za,"Chrisjan Building, Rietbok St, Kathu, 8446, South Africa",Kathu,John Taolo Gaetsewe District Municipality,Northern Cape,8446,-27.697003,23.0467372,True,false,False,08:30-18:00,08:30-18:00,08:30-18:00,08:30-18:00,08:30-18:00,08:30-13:00,Closed,
The Local Choice Pharmacy Palmae,The Local Choice Palmae Pharmacy,400125,959783,0392448,0537121101,palmae@thelocalchoice.co.za,"22 Main St Shop 9, Palmgate Shopping Centre, Kuruman, 8460, South Africa",Kuruman,John Taolo Gaetsewe District Municipality,Northern Cape,8460,-27.4632006,23.4375598,True,false,False,08:30-18:00,08:30-18:00,08:30-18:00,08:30-18:00,08:30-18:00,08:30-14:00,Closed,
The Local Choice Pharmacy Desert Rose,Desert Rose Pharmacy (Pty) Ltd,400605,724419,1159194,0544611250,desertrose@thelocalchoice.co.za,"The Local Choice Pharmacy Desert Rose, Hoof Street, Keimoes, South Africa",,Keimoes,Northern Cape,8860,-28.7088225,20.9712782,True,false,True,08:00-17:00,08:00-17:00,08:00-17:00,08:00-17:00,08:00-17:00,08:00-13:00,06:00-06:00,
The Local Choice Pharmacy Broid Rhodesdene,Broid Pharmacies Pty Ltd,410398,100036,0812064,053 285 0992,broid@thelocalchoice.co.za,"Rhodesdene, Kimberley, South Africa",Rhodesdene,Kimberley,Northern Cape,8301,-28.7458455,24.7365544,True,false,True,09:00-18:00,09:00-18:00,09:00-18:00,09:00-18:00,09:00-18:00,09:00-13:00,09:00-13:00,09:00-13:00
The Local Choice Pharmacy Pro-Med,B J van Niekerk CC,410246,426912,6047602,0533131862,promed@thelocalchoice.co.za,"The Local Choice Pharmacy Pro Med, Hoog Street, Postmasburg, South Africa",,Postmasburg,Northern Cape,8420,-28.3325312,23.0643562,True,false,True,08:30-17:30,08:30-17:30,08:30-17:30,08:30-17:30,08:30-17:30,08:30-13:00,11:00-12:00,
The Local Choice Pharmacy Prieska,Prieska Pharmacy,412024,100038,0404942,053 353 2729,prieska@thelocalchoice.co.za,"3889 Loots Blvd, Prieska, South Africa",,Prieska,Northern Cape,8940,-29.6679863,22.7478233,True,false,True,08:30-13:00,08:30-13:00,08:30-13:00,08:30-13:00,08:30-13:00,08:30-13:00,06:00-06:00,06:00-06:00
The Local Choice Pharmacy De Duine,Broid Pharmacies Pty Ltd,410288,100037,0077828,054 331 1458,deduine@thelocalchoice.co.za,"Kgalagadi Signs, Le Roux Street, Upington, South Africa",Upington,Upington,Northern Cape,8801,-28.4596409,21.2409925,True,false,True,08:00-19:00,08:00-19:00,08:00-19:00,08:00-19:00,08:00-19:00,08:00-14:00,09:00-13:00,09:00-13:00
The Local Choice Pharmacy Keimoes,Esdri Familie Trust,400356,597339,0736775,0544611232,keimoes@localchoice.co.za,"41A Main Rd, Keimoes, 8860, South Africa",Keimoes,ZF Mgcawu District Municipality,Northern Cape,8860,-28.7119146,20.9806182,True,false,False,14:00-17:00,14:00-17:00,14:00-17:00,14:00-17:00,14:00-17:00,08:00-13:00,Closed,
The Local Choice Pharmacy H Van Der Wal,Agrivac (Pty) Ltd,400188,675574,0715719,0573542106,hvanderwal@thelocalchoice.co.za,"Sentrum, Oslo, Norway",Oslo,Lejweleputswa District Municipality,Oslo,9480,-27.8751574,26.6838457,True,false,False,08:00-17:30,08:00-17:30,08:00-17:30,08:00-17:30,08:00-17:30,09:00-14:00,Closed,
The Local Choice Pharmacy Toppharm Ashton,Toppharm PTY Ltd,100085,,,0236151060,ashton@thelocalchoice.co.za,"Ashton, South Africa",,Ashton,Western Cape,6715,-33.8344545,20.0550501,True,,False,,,,,,,,
The Local Choice Pharmacy Toppharm Bonnievale,Toppharm PTY Ltd,100086,,,0236162765,bonnievale@thelocalchoice.co.za,"Bonnievale, South Africa",,Bonnievale,Western Cape,6730,-33.9254822,20.0826985,True,,False,,,,,,,,
The Local Choice Pharmacy Arun Place,SJ van der Merwe CC (CO4119),410647,684592,0458619,0218521348,arun@thelocalchoice.co.za,"The Local Choice Pharmacy Arun Place, Cnr Schapenberg & Sir Lowrys Pass Rd Vergelegen Spar Centre, Schapenberg Road, Somerset West, Cape Town, South Africa",Cherrywood Gardens,Cape Town,Western Cape,7130,-34.09384,18.861369,True,false,True,08:30-19:00,08:30-19:00,08:30-19:00,08:30-19:00,08:30-19:00,17:00-19:00,17:00-19:00,
The Local Choice Pharmacy Goedehoop,BV Marx Apteke CC,410646,100087,6046681,021 853 2088,goedehoop@thelocalchoice.co.za,"Broadway Boulevard, Goede Hoop, Cape Town, 7140, South Africa",Goede Hoop,Cape Town,Western Cape,,-34.0999591,18.8286508,True,false,True,08:30-18:00,08:30-18:00,08:30-18:00,08:30-18:00,08:30-18:00,08:30-13:00,:-----:,
The Local Choice Pharmacy Medi-Place,Medi-Place,411720,499349,0813761,0214476871,mediplace@thelocalchoice.co.za,"The Local Choice Pharmacy Medi-Place, Victoria Road, Woodstock, Cape Town, South Africa",Woodstock,Cape Town,Western Cape,7915,-33.9312692,18.4548749,False,false,True,08:00-22:00,08:00-22:00,08:00-22:00,08:00-22:00,08:00-22:00,09:00-22:00,09:00-21:00,
The Local Choice Pharmacy Parklands Centre,Parklands Pharmacy,410803,100093,0935700,0210650255,parklandscentre@thelocalchoice.co.za,"The Crazy Store The Piazza Shopping Centre, Cnr Link &, Parklands Main Road, Parklands, Cape Town, South Africa",Parklands,Cape Town,Western Cape,7441,-33.8161491,18.4956843,True,False,True,08:00-20:00,08:00-20:00,08:00-20:00,08:00-20:00,08:00-20:00,08:00-16:00,10:00-14:00,
The Local Choice Pharmacy Pharmakem,BJK Pharmacies Pty Ltd,410442,100092,0601942,0218544456,pharmakem@thelocalchoice.co.za,"40 Fagan Street, Strand, Cape Town, 7140, South Africa",Strand,Cape Town,Western Cape,7139,-34.1159355,18.8292945,True,False,True,,,,,,,,
The Local Choice Pharmacy River Quarter,ALDOTT HOLDINGS (PTY) LTD,400810,100073,AWAITING,0000000000,riverquarter@thelocalchoice.co.za,"River Quarter, Soneike Crescent, Soneike, Cape Town, South Africa",Soneike,Cape Town,Western Cape,7583,-33.9098713,18.6885404,True,false,True,08:00-18:00,08:00-18:00,08:00-18:00,08:00-18:00,08:00-18:00,09:00-14:00,09:00-14:00,
The Local Choice Pharmacy Twin Palms,George Jubilin Pharmacies Pty Ltd,410649,100091,0830089,021 206 7867,twinpalms@thelocalchoice.co.za,"Twin Palms Centre, Broadway Boulevard, Die Bos, Cape Town, 7140, South Africa",Die Bos,Cape Town,Western Cape,7140,-34.1133289,18.8419751,True,false,True,08:00-18:00,08:00-18:00,08:00-18:00,08:00-18:00,08:00-18:00,08:00-13:00,:-----:,
The Local Choice Pharmacy Quenets,Quenets Pharmacy (Western Cape) (Pty) Ltd,410186,152913,0957569,0233470844,quenets@localchoice.co.za,"72 High St, Worcester Central, Worcester, 6850, South Africa",Worcester,Cape Winelands District Municipality,Western Cape,6850,-33.64333209999999,19.4460136,True,false,False,08:00-19:00,08:00-19:00,08:00-19:00,08:00-19:00,08:00-19:00,08:00-14:00,09:00-14:00,
The Local Choice Pharmacy Quenets Langerug,Alinah Real Estate (Pty) Ltd,411881,789926,1244078,0712536368,langerug@thelocalchoice.co.za,"Shop 8, Drostdy Centre, Henry Gird St, Hospital Hill, Worcester, 6850, South Africa",Worcester,Cape Winelands District Municipality,Western Cape,6850,-33.6381557,19.4305627,True,false,False,09:00-18:00,09:00-18:00,09:00-18:00,09:00-18:00,09:00-18:00,09:00-13:00,Closed,Closed
The Local Choice Pharmacy Stelkor,Stelkor Pharmacy (Pty) Ltd,400261,461314,6079946,0218833162,stelkor@thelocalchoice.co.za,"34 Piet Retief St, Stellenbosch Central, Stellenbosch, 7600, South Africa",Stellenbosch,Cape Winelands District Municipality,Western Cape,7600,-33.939744,18.859858,True,false,True,08:00-20:00,08:00-20:00,08:00-20:00,08:00-20:00,08:00-20:00,17:00-20:00,18:00-20:00,
The Local Choice Pharmacy Stelkor Kampus,Stelkor Pharmacy (Pty) Ltd,400260,271173,0555231,0218872725,stelkorkampus@thelocalchoice.co.za,"Neelsie Student Centre, De Beer Rd, Stellenbosch Central, Stellenbosch, 7600, South Africa",Stellenbosch,Cape Winelands District Municipality,Western Cape,7600,-33.9326882,18.8653554,True,false,True,08:00-17:30,08:00-17:30,08:00-17:30,08:00-17:30,08:00-17:30,09:00-13:00,Closed,
The Local Choice Pharmacy Stelkor Simonsrust,Stelkor Pharmacy (Pty) Ltd,400262,885222,0555282,0218870018,simonsrust@thelocalchoice.co.za,"Cnr Cluver & Helshoogte Rd Simonsrust Centre, Simonswyk, Stellenbosch, 7600, South Africa",Stellenbosch,Cape Winelands District Municipality,Western Cape,7600,-33.92633,18.877926,True,false,True,08:30-19:00,08:30-19:00,08:30-19:00,08:30-19:00,08:30-19:00,08:30-13:00,10:00-13:00,
The Local Choice Pharmacy Val De Vie,Pelser Investments (PTY) LTD,400365,581729,0943193,0878800042,valdevie@thelocalchoice.co.za,"B4, The Yard Offices, Val De Vie Blvd, Val De Vie Winelands Lifestyle Estate, 7646, South Africa",Val De Vie Winelands Lifestyle Estate,Cape Winelands District Municipality,Western Cape,7646,-33.8088113,18.9681201,True,false,False,08:00-18:00,08:00-18:00,08:00-18:00,08:00-18:00,08:00-18:00,08:30-14:00,09:00-13:00,
The Local Choice Pharmacy Heldervue,Kalahari Sunset Trading (Pty) Ltd,410341,517259,6082831,0218551260,heldervue@thelocalchoice.co.za,"Cnr Cynaroides & Abella St Heldervue Shopping Centre, Heldervue, Cape Town, 7130, South Africa",Cape Town,City of Cape Town Metropolitan Municipality,Western Cape,7130,-34.0594327,18.8222611,True,false,True,08:00-18:00,08:00-18:00,08:00-18:00,08:00-18:00,08:00-18:00,08:00-13:00,Closed,
The Local Choice Pharmacy Litekem,Litekem Pharmacy (PTY) LTD,410315,125395,6070213,0214618040,litekem@thelocalchoice.co.za,"24 Darling St, Cape Town City Centre, Cape Town, 8000, South Africa",Cape Town,City of Cape Town Metropolitan Municipality,Western Cape,8000,-33.9244086,18.4227107,True,false,True,08:00-21:00,08:00-21:00,08:00-21:00,08:00-21:00,08:00-21:00,09:00-21:00,09:00-21:00,
The Local Choice Pharmacy Mutual Park,Servimed (Pty) Ltd,400535,775716,1196499,0211006222,mutualpark@thelocalchoice.co.za,"Shop 15 & 16, West End Mall, Jan Smuts Dr, Pinelands, Cape Town, 7405, South Africa",Cape Town,City of Cape Town Metropolitan Municipality,Western Cape,7405,-33.923611,18.512694,True,false,False,08:00-16:00,08:00-16:00,08:00-16:00,08:00-16:00,08:00-14:00,Closed,Closed,
The Local Choice Pharmacy Ocean Square,The Local Choice Ocean Square Pharmacy,400393,344246,1065289,0215550156,oceansquare@localchoice.co.za,"4 Ocean Way, Sunset Beach, Cape Town, 7441, South Africa",Cape Town,City of Cape Town Metropolitan Municipality,Western Cape,7441,-33.8549088,18.4952562,True,false,False,09:00-19:00,09:00-19:00,09:00-19:00,09:00-19:00,09:00-19:00,09:00-16:00,09:00-13:00,
The Local Choice Pharmacy Sanlamhof,Servimed (PTY) LTD,400505,456362,1133187,0211006144,sanlamhof@thelocalchoice.co.za,"Shop 4, 2 Strand Rd, Sanlamhof, Cape Town, 7530, South Africa",Cape Town,City of Cape Town Metropolitan Municipality,Western Cape,7530,-33.90332,18.644362,True,false,False,08:00-16:00,08:00-16:00,08:00-16:00,08:00-16:00,08:00-14:00,Closed,Closed,
The Local Choice Pharmacy Waterstone,Kalahari Sunset Trading (Pty) Ltd,410350,937983,0235555,0218520186,waterstone@thelocalchoice.co.za,"Cnr R44 & Main Rd Shop 12A, Waterstone Village, Somerset West, Cape Town, 7130, South Africa",Cape Town,City of Cape Town Metropolitan Municipality,Western Cape,7130,-34.0704297,18.8228374,True,false,False,08:00-20:00,08:00-20:00,08:00-20:00,08:00-20:00,08:00-20:00,08:00-20:00,08:00-20:00,
The Local Choice Pharmacy Westgate,Merwede van der Berg BK,410282,653351,6064043,0213716110,westgate@thelocalchoice.co.za,"Cnr Jakes Gerwel Dr &, Shop 81, Westgate Mall, Morgenster Rd, Mitchells Plain, Cape Town, 7785, South Africa",Cape Town,City of Cape Town Metropolitan Municipality,Western Cape,7785,-34.0412367,18.5863571,True,false,True,08:00-19:00,08:00-19:00,08:00-19:00,08:00-19:00,08:00-19:00,08:00-18:00,08:00-14:00,
The Local Choice Pharmacy Danabaai,CY Cosmetic and Medical PTY LTD,400555,299763,1092731,0442505000,danabaai@thelocalchoie.co.za,"4 Malva Rd, Dana Bay, Mossel Bay, 6510, South Africa",Mossel Bay,Garden Route District Municipality,Western Cape,6510,-34.1924877,22.0503599,True,false,False,07:30-18:00,07:30-18:00,07:30-18:00,07:30-18:00,07:30-18:00,16:00-18:00,16:00-18:00,
The Local Choice Pharmacy Riversdale,GFJ van der Vyfer BK,410614,459561,0256382,0287131089,riversdale@thelocalchoice.co.za,"44 Church St, Riversdale, 6670, South Africa",Riversdale,Garden Route District Municipality,Western Cape,6670,-34.091809,21.2610143,True,false,True,08:30-17:30,08:30-17:30,08:30-17:30,08:30-17:30,08:30-17:30,08:30-13:00,11:00-12:00,
The Local Choice Pharmacy George,CY Pharmacy Group,400615,631953,1144545,0448680142,george@thelocalchoice.co.za,"The Local Choice Pharmacy George, Courtenay Street, George Central, George, South Africa",George Central,George,Western Cape,6529,-33.95778,22.46501,True,false,True,07:30-18:00,07:30-18:00,07:30-18:00,07:30-18:00,07:30-18:00,08:00-12:00,10:00-12:00,
The Local Choice Pharmacy Riverside,Darwa Trading na 55 (Pty) Ltd,411495,100027,0166871,0442500250,riverside@thelocalchoice.co.za,"7 Herrie St, Dormehls Drift, George, 6529, South Africa",Dormehls Drift,George,Western Cape,6529,-33.9567549,22.4512061,True,false,False,08:00-17:00,08:00-17:00,08:00-17:00,08:00-17:00,08:00-17:00,08:00-14:00,06:00-06:00,06:00-06:00
The Local Choice Pharmacy Vigne,Vigne Pharmacy (Pty) Ltd,400300,583222,0870935,0282549565,vigne@thelocalchoice.net,"The Local Choice Pharmacy Vigne, Main Road, Greyton, South Africa",,Greyton,Western Cape,7233,-34.050394,19.607865,True,false,True,09:00-17:00,09:00-17:00,09:00-17:00,09:00-17:00,09:00-17:00,08:00-13:00,10:00-12:00,
The Local Choice Pharmacy Grootbrak,CY Pharmacy Group,400660,975799,1154974,0448680189,grootbrak@thelocalchoice.co.za,"The Local Choice Pharmacy Groot brak, Lang Street, Bergsig, Groot Brakrivier, South Africa",Bergsig,Groot Brakrivier,Western Cape,6525,-34.05373699999999,22.216907,True,false,True,,,,,,,,
The Local Choice Pharmacy Heidelberg,The Local Choice Pharmacy Heidelberg,400715,100026,6075363,0833928806,heidelberg@thelocalchoice.co.za,"33 Fourie Street, Heidelberg - Wc, Heidelberg, South Africa",Heidelberg - Wc,Heidelberg,Western Cape,6665,-34.090488,20.9580947,True,false,True,08:00-17:00,08:00-17:00,08:00-17:00,08:00-17:00,08:00-17:00,08:00-13:00,10:00-12:00,10:00-12:00
The Local Choice Pharmacy Fraaikem,Fraaikem Pharmacy,410962,100006,0340561,0446966638,fraaikem@thelocalchoice.co.za,"33 Brinkley Street, Klein Brak River, South Africa",,Klein Brak River,Western Cape,6503,-34.0794412,22.1499842,False,false,True,09:00-18:00,09:00-18:00,09:00-18:00,09:00-18:00,09:00-18:00,09:00-13:00,06:00-06:00,09:00-13:00
The Local Choice Pharmacy Ruach,The Local Choice Pharmacy Ruach (PTY) LTD,400666,100033,1224999,0222200135,ruach@thelocalchoice.co.za,"Bay Centre, Oostewal St, Langebaan, South Africa",,Langebaan,Western Cape,7357,-33.0834828,18.0375103,True,false,True,08:30-17:30,08:30-17:30,08:30-17:30,08:30-17:30,08:30-17:30,09:00-13:00,06:00-06:00,09:00-12:00
The Local Choice Pharmacy Lutzville,Lutzville Apteek,410544,541564,1186981,0272172100,lutzville@thelocalchoice.co.za,"The Local Choice Pharmacy Lutzville, Matzikama Street, Lutzville, South Africa",,Lutzville,Western Cape,8149,-31.6621164,18.5072808,True,false,True,08:00-17:30,08:00-17:30,08:00-17:30,08:00-17:30,08:00-17:30,08:00-13:00,06:00-06:00,
The Local Choice Pharmacy Montagu,Burger & Scholtz CC,410560,563732,0016446,0236141370,montagu@thelocalchoice.co.za,"The Local Choice Pharmacy Montagu, Bath Street, Bergsig, Montagu, South Africa",Bergsig,Montagu,Western Cape,6720,-33.7859966,20.1252864,True,false,True,08:00-17:00,08:00-17:00,08:00-17:00,08:00-17:00,08:00-17:00,08:00-13:00,06:00-06:00,
The Local Choice Pharmacy Hartenbos,Hartenbos Apteek,410516,100022,6067484,0446951510,hartenbos@thelocalchoice.co.za,"Majuba Avenue, Hartenbos, Mossel Bay, South Africa",Hartenbos,Mossel Bay,Western Cape,6520,-34.1230679,22.1167339,False,false,True,08:00-17:30,08:00-17:30,08:00-17:30,08:00-17:30,08:00-17:30,08:30-13:00,06:00-06:00,10:00-12:00
The Local Choice Pharmacy Langeberg Mall,CY Pharmacy Group,400641,416197,1152882,0448680168,langebergmall@thelocalchoice.co.za,"The Local Choice Pharmacy Langeberg Mall, Langeberg Mall, Louis Fourie Road, Die Voor Bay, Mossel Bay, South Africa",Die Voor Bay,Mossel Bay,Western Cape,6506,-34.1470989,22.1035945,False,false,True,09:00-18:00,09:00-18:00,09:00-18:00,09:00-18:00,09:00-18:00,09:00-13:00,06:00-06:00,09:00-01:00
The Local Choice Pharmacy Oudtshoorn,22 FEET PTY LTD,400720,100029,,0440230013,oudtshoorn@thelocalchoice.co.za,"The Local Choice Pharmacy Oudtshoorn, Oudtshoorn, South Africa",,Oudtshoorn,Western Cape,6620,-33.591365,22.191477,True,false,True,08:00-19:00,08:00-19:00,08:00-19:00,08:00-19:00,08:00-19:00,09:00-13:00,06:00-06:00,
The Local Choice Pharmacy Kleinmond,PJ Le Roux,410644,345377,6039464,0282713320,kleinmond@thelocalchoice.co.za,"25 Main Rd, Kleinmond, 7195, South Africa",Kleinmond,Overberg District Municipality,Western Cape,7195,-34.340082,19.0327177,True,false,True,08:00-17:30,08:00-17:30,08:00-17:30,08:00-17:30,08:00-17:30,08:00-13:00,Closed,
The Local Choice Pharmacy Paternoster,The Local Choice Pharmacy Paternoster (PTY) Ltd,400676,100012,1192132,0226340188,paternoster@thelocalchoice.co.za,"The Local Choice Pharmacy Paternoster, Express Building, Mosselbank Street, Voorstrand, Paternoster, South Africa",Voorstrand,Paternoster,Western Cape,7381,-32.8093515,17.8943658,True,false,True,09:00-18:00,09:00-18:00,09:00-18:00,09:00-18:00,09:00-18:00,09:00-14:00,06:00-06:00,09:00-12:00
The Local Choice Pharmacy Plett Medicine Depot,Plett Medicine Depot,410615,100001,6043992,0445332298,plettmedicinedepot@thelocalchoice.co.za,"12 High St, Plettenberg Bay, 6600, South Africa",,Plettenberg Bay,Western Cape,6600,-34.0557839,23.3701791,True,false,True,08:00-18:00,08:00-18:00,08:00-18:00,08:00-18:00,08:00-18:00,08:00-13:00,10:00-12:00,09:00-12:00
The Local Choice Pharmacy Robertson,CO Lunt (PTY) LTD,410392,100003,6006329,0236263031,robertson@thelocalchoice.co.za,"68 Kerk Street, Robertson, South Africa",Robertson,Robertson,Western Cape,6705,-33.803597,19.88175,False,false,True,08:00-17:30,08:00-17:30,08:00-17:30,08:00-17:30,08:00-17:30,08:00-13:00,06:00-06:00,09:00-12:00
The Local Choice Pharmacy Roodesquare,Roodesquare pharmacy,410960,100004,1035673,0280502268,roodesquare@thelocalchoice.co.za,"10 Johan De Jongry Lane, Robertson, South Africa",,Robertson,Western Cape,6705,-33.806455,19.89913779999999,False,false,True,08:00-17:00,08:00-17:00,08:00-17:00,08:00-17:00,08:00-17:00,09:00-13:00,,06:00-06:00
The Local Choice Pharmacy Sandbaai,The Local Choice Sandbaai,400777,100043,1269666,028 125 0094,sandbaai@thelocalchoice.co.za,"71 Main Road, Sand Bay, Sandbaai, South Africa",Sand Bay,Sandbaai,Western Cape,7200,-34.4241598,19.197377,False,false,True,08:00-18:00,08:00-18:00,08:00-18:00,08:00-18:00,08:00-18:00,08:00-15:00,09:00-13:00,
The Local Choice Pharmacy Blombos,GFJ van der Vyfer BK,410613,976594,0565113,0287541057,blombos@thelocalchoice.co.za,"15b Voortrekker St, Still Bay West, Still Bay, 6674, South Africa",Still Bay,South Cape DC,Western Cape,6674,-34.3700589,21.4033951,True,false,True,08:30-17:30,08:30-17:30,08:30-17:30,08:30-17:30,08:30-17:30,08:30-13:00,11:00-12:00,
The Local Choice Pharmacy Toppharm Protea,Toppharm PTY Ltd,100088,,,0285142020,proteawc@thelocalchoice.co.za,"140b Voortrek Street, Swellendam, 6740, South Africa",Swellendam,Swellendam,Western Cape,6740,-34.0231407,20.4403824,True,,False,,,,,,,,
The Local Choice Pharmacy Toppharm Swellendam,Toppharm PTY Ltd,100090,,,0285141430,swellendam@thelocalchoice.co.za,"Swellendam, South Africa",,Swellendam,Western Cape,6740,-34.0275079,20.4436269,True,,False,,,,,,,,
The Local Choice Pharmacy Porterville,Herbst Porterville Apteek,410505,227686,0759236,0229312121,porterville@thelocalchoice.co.za,"41 Voortrekker St, Porterville, 6810, South Africa",Porterville,West Coast District Municipality,Western Cape,6810,-33.0112656,18.9932293,True,false,True,08:00-17:00,08:00-17:00,08:00-17:00,08:00-17:00,08:00-17:00,08:30-12:00,Closed,Closed
The Local Choice Pharmacy Yzerfontein,TLC Yzerfontein (PTY) Ltd,100116,100116,AWAITING,0000000000,yzerfontein@thelocalchoice.co.za,"Ocean Village, Yzerfontein, South Africa",,Yzerfontein,Western Cape,,-33.3453116,18.1624271,True,False,True,,,,,,,,
